episode_number,title,views,length,video_id,publish_date,url,guest_names,episode_title
1.0,Max Tegmark: Life 3.0 | Lex Fridman Podcast #1,297394,4978,Gi8LUnhP5yU,2018-04-19 00:00:00,https://www.youtube.com/watch?v=Gi8LUnhP5yU,Max Tegmark,Life 3.0
2.0,Christof Koch: Consciousness | Lex Fridman Podcast #2,227088,3474,piHkfmeU7Wo,2018-05-29 00:00:00,https://www.youtube.com/watch?v=piHkfmeU7Wo,Christof Koch,Consciousness
3.0,Steven Pinker: AI in the Age of Reason | Lex Fridman Podcast #3,130913,2273,epQxfSp-rdU,2018-10-17 00:00:00,https://www.youtube.com/watch?v=epQxfSp-rdU,Steven Pinker,AI in the Age of Reason
4.0,Yoshua Bengio: Deep Learning | Lex Fridman Podcast #4,122511,2538,azOmzumh0vQ,2018-10-20 00:00:00,https://www.youtube.com/watch?v=azOmzumh0vQ,Yoshua Bengio,Deep Learning
5.0,Vladimir Vapnik: Statistical Learning | Lex Fridman Podcast #5,70965,3242,STFcvzoxVw4,2018-11-16 00:00:00,https://www.youtube.com/watch?v=STFcvzoxVw4,Vladimir Vapnik,Statistical Learning
6.0,Guido van Rossum: Python | Lex Fridman Podcast #6,282567,5204,ghwaIiE3Nd8,2018-11-22 00:00:00,https://www.youtube.com/watch?v=ghwaIiE3Nd8,Guido van Rossum,Python
7.0,Jeff Atwood: Stack Overflow and Coding Horror | Lex Fridman Podcast #7,55191,4809,KZkYSSE8HHI,2018-11-29 00:00:00,https://www.youtube.com/watch?v=KZkYSSE8HHI,Jeff Atwood,Stack Overflow and Coding Horror
8.0,Eric Schmidt: Google | Lex Fridman Podcast #8,128354,1987,hIC9FQpxVwQ,2018-12-04 00:00:00,https://www.youtube.com/watch?v=hIC9FQpxVwQ,Eric Schmidt,Google
9.0,Stuart Russell: Long-Term Future of Artificial Intelligence | Lex Fridman Podcast #9,184572,5181,KsZI5oXBC0k,2018-12-09 00:00:00,https://www.youtube.com/watch?v=KsZI5oXBC0k,Stuart Russell,Long-Term Future of Artificial Intelligence
10.0,Pieter Abbeel: Deep Reinforcement Learning | Lex Fridman Podcast #10,62861,2564,l-mYLq6eZPY,2018-12-16 00:00:00,https://www.youtube.com/watch?v=l-mYLq6eZPY,Pieter Abbeel,Deep Reinforcement Learning
11.0,"Juergen Schmidhuber: Godel Machines, Meta-Learning, and LSTMs | Lex Fridman Podcast #11",121361,4798,3FIo6evmweo,2018-12-23 00:00:00,https://www.youtube.com/watch?v=3FIo6evmweo,Juergen Schmidhuber,"Godel Machines, Meta-Learning, and LSTMs"
12.0,Tuomas Sandholm: Poker and Game Theory | Lex Fridman Podcast #12,51138,3977,b7bStIQovcY,2018-12-28 00:00:00,https://www.youtube.com/watch?v=b7bStIQovcY,Tuomas Sandholm,Poker and Game Theory
13.0,"Tomaso Poggio: Brains, Minds, and Machines | Lex Fridman Podcast #13",57980,4820,aSyZvBrPAyk,2019-01-19 00:00:00,https://www.youtube.com/watch?v=aSyZvBrPAyk,Tomaso Poggio,"Brains, Minds, and Machines"
14.0,Kyle Vogt: Cruise Automation | Lex Fridman Podcast #14,38478,3324,YUYagvESisE,2019-02-07 00:00:00,https://www.youtube.com/watch?v=YUYagvESisE,Kyle Vogt,Cruise Automation
15.0,"Leslie Kaelbling: Reinforcement Learning, Planning, and Robotics | Lex Fridman Podcast #15",38249,3683,Er7Dy8rvqOc,2019-03-12 00:00:00,https://www.youtube.com/watch?v=Er7Dy8rvqOc,Leslie Kaelbling,"Reinforcement Learning, Planning, and Robotics"
16.0,"Eric Weinstein: Revolutionary Ideas in Science, Math, and Society | Lex Fridman Podcast #16",803835,4916,2wq9x2QcZN0,2019-03-20 00:00:00,https://www.youtube.com/watch?v=2wq9x2QcZN0,Eric Weinstein,"Revolutionary Ideas in Science, Math, and Society"
17.0,Greg Brockman: OpenAI and AGI | Lex Fridman Podcast #17,136000,5107,bIrEM2FbOLU,2019-04-03 00:00:00,https://www.youtube.com/watch?v=bIrEM2FbOLU,Greg Brockman,OpenAI and AGI
18.0,Elon Musk: Tesla Autopilot | Lex Fridman Podcast #18,2079003,1965,dEv99vxKjVI,2019-04-12 00:00:00,https://www.youtube.com/watch?v=dEv99vxKjVI,Elon Musk,Tesla Autopilot
19.0,Ian Goodfellow: Generative Adversarial Networks (GANs) | Lex Fridman Podcast #19,226424,4117,Z6rxFNMGdn0,2019-04-18 00:00:00,https://www.youtube.com/watch?v=Z6rxFNMGdn0,Ian Goodfellow,Generative Adversarial Networks (GANs)
20.0,"Oriol Vinyals: DeepMind AlphaStar, StarCraft, and Language | Lex Fridman Podcast #20",75847,6361,Kedt2or9xlo,2019-04-29 00:00:00,https://www.youtube.com/watch?v=Kedt2or9xlo,Oriol Vinyals,"DeepMind AlphaStar, StarCraft, and Language"
21.0,"Chris Lattner: Compilers, LLVM, Swift, TPU, and ML Accelerators | Lex Fridman Podcast #21",159155,4386,yCd3CzGSte8,2019-05-13 00:00:00,https://www.youtube.com/watch?v=yCd3CzGSte8,Chris Lattner,"Compilers, LLVM, Swift, TPU, and ML Accelerators"
22.0,Rajat Monga: TensorFlow | Lex Fridman Podcast #22,36527,4258,NERNE4UThHU,2019-06-03 00:00:00,https://www.youtube.com/watch?v=NERNE4UThHU,Rajat Monga,TensorFlow
23.0,Gavin Miller: Adobe Research | Lex Fridman Podcast #23,20155,4151,q0mokx-iiws,2019-06-10 00:00:00,https://www.youtube.com/watch?v=q0mokx-iiws,Gavin Miller,Adobe Research
24.0,"Rosalind Picard: Affective Computing, Emotion, Privacy, and Health | Lex Fridman Podcast #24",30373,3611,kq0VO1FqE6I,2019-06-17 00:00:00,https://www.youtube.com/watch?v=kq0VO1FqE6I,Rosalind Picard,"Affective Computing, Emotion, Privacy, and Health"
25.0,Jeff Hawkins: Thousand Brains Theory of Intelligence | Lex Fridman Podcast #25,315143,7782,-EVqrDlAqYo,2019-07-01 00:00:00,https://www.youtube.com/watch?v=-EVqrDlAqYo,Jeff Hawkins,Thousand Brains Theory of Intelligence
26.0,"Sean Carroll: The Nature of the Universe, Life, and Intelligence | Lex Fridman Podcast #26",223062,2090,l-NJrvyRo0c,2019-07-10 00:00:00,https://www.youtube.com/watch?v=l-NJrvyRo0c,Sean Carroll,"The Nature of the Universe, Life, and Intelligence"
27.0,Kai-Fu Lee: AI Superpowers - China and Silicon Valley | Lex Fridman Podcast #27,192140,5187,cQ48rP_Rs4g,2019-07-15 00:00:00,https://www.youtube.com/watch?v=cQ48rP_Rs4g,Kai-Fu Lee,AI Superpowers - China and Silicon Valley
28.0,"Chris Urmson: Self-Driving Cars at Aurora, Google, CMU, and DARPA | Lex Fridman Podcast #28",32751,2688,Tj6NOfdfa4o,2019-07-22 00:00:00,https://www.youtube.com/watch?v=Tj6NOfdfa4o,Chris Urmson,"Self-Driving Cars at Aurora, Google, CMU, and DARPA"
29.0,Gustav Soderstrom: Spotify | Lex Fridman Podcast #29,46981,6424,v-9Mpe7NhkM,2019-07-29 00:00:00,https://www.youtube.com/watch?v=v-9Mpe7NhkM,Gustav Soderstrom,Spotify
30.0,Kevin Scott: Microsoft CTO | Lex Fridman Podcast #30,37525,3464,QDN6xvhAw94,2019-08-01 00:00:00,https://www.youtube.com/watch?v=QDN6xvhAw94,Kevin Scott,Microsoft CTO
31.0,"George Hotz: Comma.ai, OpenPilot, and Autonomous Vehicles | Lex Fridman Podcast #31",828570,7176,iwcYp-XT7UI,2019-08-05 00:00:00,https://www.youtube.com/watch?v=iwcYp-XT7UI,George Hotz,"Comma.ai, OpenPilot, and Autonomous Vehicles"
32.0,Paola Arlotta: Brain Development from Stem Cell to Organoid | Lex Fridman Podcast #32,33441,3462,lVHRs3uTHNI,2019-08-12 00:00:00,https://www.youtube.com/watch?v=lVHRs3uTHNI,Paola Arlotta,Brain Development from Stem Cell to Organoid
33.0,Keoki Jackson: Lockheed Martin | Lex Fridman Podcast #33,39610,4386,anXep8kBOCg,2019-08-19 00:00:00,https://www.youtube.com/watch?v=anXep8kBOCg,Keoki Jackson,Lockheed Martin
34.0,Pamela McCorduck: Machines Who Think and the Early Days of AI | Lex Fridman Podcast #34,21539,3606,i6rnzk8VU24,2019-08-23 00:00:00,https://www.youtube.com/watch?v=i6rnzk8VU24,Pamela McCorduck,Machines Who Think and the Early Days of AI
35.0,Jeremy Howard: fast.ai Deep Learning Courses and Research | Lex Fridman Podcast #35,124435,6251,J6XcP4JOHmk,2019-08-27 00:00:00,https://www.youtube.com/watch?v=J6XcP4JOHmk,Jeremy Howard,fast.ai Deep Learning Courses and Research
36.0,"Yann LeCun: Deep Learning, ConvNets, and Self-Supervised Learning | Lex Fridman Podcast #36",165645,4558,SGSOCuByo24,2019-08-31 00:00:00,https://www.youtube.com/watch?v=SGSOCuByo24,Yann LeCun,"Deep Learning, ConvNets, and Self-Supervised Learning"
37.0,Vijay Kumar: Flying Robots | Lex Fridman Podcast #37,41661,3407,HYsLTNXMl1Q,2019-09-08 00:00:00,https://www.youtube.com/watch?v=HYsLTNXMl1Q,Vijay Kumar,Flying Robots
38.0,"François Chollet: Keras, Deep Learning, and the Progress of AI | Lex Fridman Podcast #38",162241,7189,Bo8MY4JpiXE,2019-09-14 00:00:00,https://www.youtube.com/watch?v=Bo8MY4JpiXE,François Chollet,"Keras, Deep Learning, and the Progress of AI"
39.0,Colin Angle: iRobot CEO | Lex Fridman Podcast #39,27046,2258,1d9Dj9dT_pw,2019-09-19 00:00:00,https://www.youtube.com/watch?v=1d9Dj9dT_pw,Colin Angle,iRobot CEO
40.0,Regina Barzilay: Deep Learning for Cancer Diagnosis and Treatment | Lex Fridman Podcast #40,34086,4649,x0-zGdlpTeg,2019-09-23 00:00:00,https://www.youtube.com/watch?v=x0-zGdlpTeg,Regina Barzilay,Deep Learning for Cancer Diagnosis and Treatment
41.0,"Leonard Susskind: Quantum Mechanics, String Theory and Black Holes | Lex Fridman Podcast #41",876846,3449,s78hvV3QLUE,2019-09-26 00:00:00,https://www.youtube.com/watch?v=s78hvV3QLUE,Leonard Susskind,"Quantum Mechanics, String Theory and Black Holes"
42.0,Peter Norvig: Artificial Intelligence: A Modern Approach | Lex Fridman Podcast #42,79038,3792,_VPxEcT_Adc,2019-09-30 00:00:00,https://www.youtube.com/watch?v=_VPxEcT_Adc,Peter Norvig,Artificial Intelligence
43.0,Gary Marcus: Toward a Hybrid of Deep Learning and Symbolic AI | Lex Fridman Podcast #43,84715,5101,vNOTDn3D_RI,2019-10-03 00:00:00,https://www.youtube.com/watch?v=vNOTDn3D_RI,Gary Marcus,Toward a Hybrid of Deep Learning and Symbolic AI
44.0,"David Ferrucci: IBM Watson, Jeopardy & Deep Conversations with AI | Lex Fridman Podcast #44",62594,8671,Whtt2H5_isM,2019-10-11 00:00:00,https://www.youtube.com/watch?v=Whtt2H5_isM,David Ferrucci,"IBM Watson, Jeopardy & Deep Conversations with AI"
45.0,"Michio Kaku: Future of Humans, Aliens, Space Travel & Physics | Lex Fridman Podcast #45",4522315,3660,kD5yc1LQrpQ,2019-10-22 00:00:00,https://www.youtube.com/watch?v=kD5yc1LQrpQ,Michio Kaku,"Future of Humans, Aliens, Space Travel & Physics"
46.0,"Garry Kasparov: Chess, Deep Blue, AI, and Putin | Lex Fridman Podcast #46",724494,3324,8RVa0THWUWw,2019-10-27 00:00:00,https://www.youtube.com/watch?v=8RVa0THWUWw,Garry Kasparov,"Chess, Deep Blue, AI, and Putin"
47.0,Sean Carroll: Quantum Mechanics and the Many-Worlds Interpretation | Lex Fridman Podcast #47,980105,5398,iNqqOLscOBY,2019-11-01 00:00:00,https://www.youtube.com/watch?v=iNqqOLscOBY,Sean Carroll,Quantum Mechanics and the Many-Worlds Interpretation
48.0,Bjarne Stroustrup: C++ | Lex Fridman Podcast #48,996470,6433,uTxRF5ag27A,2019-11-07 00:00:00,https://www.youtube.com/watch?v=uTxRF5ag27A,Bjarne Stroustrup,C++
49.0,"Elon Musk: Neuralink, AI, Autopilot, and the Pale Blue Dot | Lex Fridman Podcast #49",2360308,2170,smK9dgdTl40,2019-11-12 00:00:00,https://www.youtube.com/watch?v=smK9dgdTl40,Elon Musk,"Neuralink, AI, Autopilot, and the Pale Blue Dot"
50.0,"Michael Kearns: Algorithmic Fairness, Privacy & Ethics | Lex Fridman Podcast #50",44724,6535,AzdxbzHtjgs,2019-11-19 00:00:00,https://www.youtube.com/watch?v=AzdxbzHtjgs,Michael Kearns,"Algorithmic Fairness, Privacy & Ethics"
51.0,"Dava Newman: Space Exploration, Space Suits, and Life on Mars | Lex Fridman Podcast #51",56040,2372,2fI6bYnRgSc,2019-11-22 00:00:00,https://www.youtube.com/watch?v=2fI6bYnRgSc,Dava Newman,"Space Exploration, Space Suits, and Life on Mars"
52.0,"Gilbert Strang: Linear Algebra, Teaching, and MIT OpenCourseWare | Lex Fridman Podcast #52",287619,2993,lEZPfmGCEk0,2019-11-25 00:00:00,https://www.youtube.com/watch?v=lEZPfmGCEk0,Gilbert Strang,"Linear Algebra, Teaching, and MIT OpenCourseWare"
53.0,"Noam Chomsky: Language, Cognition, and Deep Learning | Lex Fridman Podcast #53",495817,2146,cMscNuSUy0I,2019-11-29 00:00:00,https://www.youtube.com/watch?v=cMscNuSUy0I,Noam Chomsky,"Language, Cognition, and Deep Learning"
54.0,"Ray Dalio: Principles, the Economic Machine, AI & the Arc of Life | Lex Fridman Podcast #54",554374,5420,M95m2EFb7IQ,2019-12-02 00:00:00,https://www.youtube.com/watch?v=M95m2EFb7IQ,Ray Dalio,"Principles, the Economic Machine, AI & the Arc of Life"
55.0,"Whitney Cummings: Comedy, Robotics, Neurology, and Love | Lex Fridman Podcast #55",373700,4618,0-3kw5BEKB8,2019-12-05 00:00:00,https://www.youtube.com/watch?v=0-3kw5BEKB8,Whitney Cummings,"Comedy, Robotics, Neurology, and Love"
56.0,"Judea Pearl: Causal Reasoning, Counterfactuals, and the Path to AGI | Lex Fridman Podcast #56",102477,4981,pEBI0vF45ic,2019-12-11 00:00:00,https://www.youtube.com/watch?v=pEBI0vF45ic,Judea Pearl,"Causal Reasoning, Counterfactuals, and the Path to AGI"
57.0,Rohit Prasad: Amazon Alexa and Conversational AI | Lex Fridman Podcast #57,55798,6357,Ad89JYS-uZM,2019-12-14 00:00:00,https://www.youtube.com/watch?v=Ad89JYS-uZM,Rohit Prasad,Amazon Alexa and Conversational AI
58.0,Michael Stevens: Vsauce | Lex Fridman Podcast #58,510626,3513,3qMemn__kK8,2019-12-17 00:00:00,https://www.youtube.com/watch?v=3qMemn__kK8,Michael Stevens,Vsauce
59.0,"Sebastian Thrun: Flying Cars, Autonomous Vehicles, and Education | Lex Fridman Podcast #59",67579,4714,ZPPAOakITeQ,2019-12-21 00:00:00,https://www.youtube.com/watch?v=ZPPAOakITeQ,Sebastian Thrun,"Flying Cars, Autonomous Vehicles, and Education"
60.0,"Jim Gates: Supersymmetry, String Theory and Proving Einstein Right | Lex Fridman Podcast #60",811052,5700,IUHkhB366tE,2019-12-25 00:00:00,https://www.youtube.com/watch?v=IUHkhB366tE,Jim Gates,"Supersymmetry, String Theory and Proving Einstein Right"
61.0,"Melanie Mitchell: Concepts, Analogies, Common Sense & Future of AI | Lex Fridman Podcast #61",87757,6760,ImKkaeUx1MU,2019-12-28 00:00:00,https://www.youtube.com/watch?v=ImKkaeUx1MU,Melanie Mitchell,"Concepts, Analogies, Common Sense & Future of AI"
62.0,"Donald Knuth: Algorithms, Complexity, and The Art of Computer Programming | Lex Fridman Podcast #62",377566,6356,2BdBfsXbST8,2019-12-30 00:00:00,https://www.youtube.com/watch?v=2BdBfsXbST8,Donald Knuth,"Algorithms, Complexity, and The Art of Computer Programming"
63.0,"Stephen Kotkin: Stalin, Putin, and the Nature of Power | Lex Fridman Podcast #63",768129,5842,oCkkjnpS2f8,2020-01-03 00:00:00,https://www.youtube.com/watch?v=oCkkjnpS2f8,Stephen Kotkin,"Stalin, Putin, and the Nature of Power"
64.0,Grant Sanderson: 3Blue1Brown and the Beauty of Mathematics | Lex Fridman Podcast #64,509840,3765,U_lKUK2MCsg,2020-01-07 00:00:00,https://www.youtube.com/watch?v=U_lKUK2MCsg,Grant Sanderson,3Blue1Brown and the Beauty of Mathematics
65.0,"Daniel Kahneman: Thinking Fast and Slow, Deep Learning, and AI | Lex Fridman Podcast #65",406589,4721,UwwBG-MbniY,2020-01-14 00:00:00,https://www.youtube.com/watch?v=UwwBG-MbniY,Daniel Kahneman,"Thinking Fast and Slow, Deep Learning, and AI"
66.0,Ayanna Howard: Human-Robot Interaction & Ethics of Safety-Critical Systems | Lex Fridman Podcast #66,27098,5997,J21-7AsUcgM,2020-01-17 00:00:00,https://www.youtube.com/watch?v=J21-7AsUcgM,Ayanna Howard,Human-Robot Interaction & Ethics of Safety-Critical Systems
67.0,"Paul Krugman: Economics of Innovation, Automation, Safety Nets & UBI | Lex Fridman Podcast #67",172663,3792,OJQepiqSWvg,2020-01-21 00:00:00,https://www.youtube.com/watch?v=OJQepiqSWvg,Paul Krugman,"Economics of Innovation, Automation, Safety Nets & UBI"
68.0,Cristos Goodrow: YouTube Algorithm | Lex Fridman Podcast #68,51015,5452,nkWmiNRPU-c,2020-01-25 00:00:00,https://www.youtube.com/watch?v=nkWmiNRPU-c,Cristos Goodrow,YouTube Algorithm
69.0,David Chalmers: The Hard Problem of Consciousness | Lex Fridman Podcast #69,446590,5928,LW59lMvxmY4,2020-01-29 00:00:00,https://www.youtube.com/watch?v=LW59lMvxmY4,David Chalmers,The Hard Problem of Consciousness
70.0,"Jim Keller: Moore's Law, Microprocessors, and First Principles | Lex Fridman Podcast #70",594485,5683,Nb2tebYAaOA,2020-02-05 00:00:00,https://www.youtube.com/watch?v=Nb2tebYAaOA,Jim Keller,"Moore's Law, Microprocessors, and First Principles"
71.0,"Vladimir Vapnik: Predicates, Invariants, and the Essence of Intelligence | Lex Fridman Podcast #71",48176,6295,bQa7hpUpMzM,2020-02-14 00:00:00,https://www.youtube.com/watch?v=bQa7hpUpMzM,Vladimir Vapnik,"Predicates, Invariants, and the Essence of Intelligence"
72.0,Scott Aaronson: Quantum Computing | Lex Fridman Podcast #72,225854,5621,uX5t8EivCaM,2020-02-17 00:00:00,https://www.youtube.com/watch?v=uX5t8EivCaM,Scott Aaronson,Quantum Computing
73.0,"Andrew Ng: Deep Learning, Education, and Real-World AI | Lex Fridman Podcast #73",532565,5350,0jspaMLxBig,2020-02-20 00:00:00,https://www.youtube.com/watch?v=0jspaMLxBig,Andrew Ng,"Deep Learning, Education, and Real-World AI"
74.0,"Michael I. Jordan: Machine Learning, Recommender Systems, and Future of AI | Lex Fridman Podcast #74",161916,6349,EYIKy_FM9x0,2020-02-24 00:00:00,https://www.youtube.com/watch?v=EYIKy_FM9x0,Michael I. Jordan,"Machine Learning, Recommender Systems, and Future of AI"
75.0,"Marcus Hutter: Universal Artificial Intelligence, AIXI, and AGI | Lex Fridman Podcast #75",98145,5995,E1AxVXt2Gv4,2020-02-26 00:00:00,https://www.youtube.com/watch?v=E1AxVXt2Gv4,Marcus Hutter,"Universal Artificial Intelligence, AIXI, and AGI"
76.0,John Hopfield: Physics View of the Mind and Neurobiology | Lex Fridman Podcast #76,104115,4368,DKyzcbNr8WE,2020-02-29 00:00:00,https://www.youtube.com/watch?v=DKyzcbNr8WE,John Hopfield,Physics View of the Mind and Neurobiology
77.0,"Alex Garland: Ex Machina, Devs, Annihilation, and the Poetry of Science | Lex Fridman Podcast #77",154788,4269,gU-mkuMU428,2020-03-03 00:00:00,https://www.youtube.com/watch?v=gU-mkuMU428,Alex Garland,"Ex Machina, Devs, Annihilation, and the Poetry of Science"
78.0,"Ann Druyan: Cosmos, Carl Sagan, Voyager, and the Beauty of Science | Lex Fridman Podcast #78",56987,4152,7jFdxd1qX2g,2020-03-05 00:00:00,https://www.youtube.com/watch?v=7jFdxd1qX2g,Ann Druyan,"Cosmos, Carl Sagan, Voyager, and the Beauty of Science"
79.0,Lee Smolin: Quantum Gravity and Einstein's Unfinished Revolution | Lex Fridman Podcast #79,214348,4191,WgLo4gmEraU,2020-03-07 00:00:00,https://www.youtube.com/watch?v=WgLo4gmEraU,Lee Smolin,Quantum Gravity and Einstein's Unfinished Revolution
80.0,"Vitalik Buterin: Ethereum, Cryptocurrency, and the Future of Money | Lex Fridman Podcast #80",2091882,5704,3x1b_S6Qp2Q,2020-03-16 00:00:00,https://www.youtube.com/watch?v=3x1b_S6Qp2Q,Vitalik Buterin,"Ethereum, Cryptocurrency, and the Future of Money"
81.0,Anca Dragan: Human-Robot Interaction and Reward Engineering | Lex Fridman Podcast #81,66782,5913,iOCfIFBBpVY,2020-03-19 00:00:00,https://www.youtube.com/watch?v=iOCfIFBBpVY,Anca Dragan,Human-Robot Interaction and Reward Engineering
82.0,"Simon Sinek: Leadership, Hard Work, Optimism and the Infinite Game | Lex Fridman Podcast #82",100440,2269,_TTNGq9djU4,2020-03-21 00:00:00,https://www.youtube.com/watch?v=_TTNGq9djU4,Simon Sinek,"Leadership, Hard Work, Optimism and the Infinite Game"
83.0,Nick Bostrom: Simulation and Superintelligence | Lex Fridman Podcast #83,888196,6998,rfKiTGj-zeQ,2020-03-25 00:00:00,https://www.youtube.com/watch?v=rfKiTGj-zeQ,Nick Bostrom,Simulation and Superintelligence
85.0,Roger Penrose: Physics of Consciousness and the Infinite Universe | Lex Fridman Podcast #85,1994717,5277,orMtwOz6Db0,2020-03-31 00:00:00,https://www.youtube.com/watch?v=orMtwOz6Db0,Roger Penrose,Physics of Consciousness and the Infinite Universe
86.0,"David Silver: AlphaGo, AlphaZero, and Deep Reinforcement Learning | Lex Fridman Podcast #86",376071,6481,uPUEq8d73JI,2020-04-03 00:00:00,https://www.youtube.com/watch?v=uPUEq8d73JI,David Silver,"AlphaGo, AlphaZero, and Deep Reinforcement Learning"
87.0,"Richard Dawkins: Evolution, Intelligence, Simulation, and Memes | Lex Fridman Podcast #87",1631637,4040,5f-JlzBuUUU,2020-04-09 00:00:00,https://www.youtube.com/watch?v=5f-JlzBuUUU,Richard Dawkins,"Evolution, Intelligence, Simulation, and Memes"
88.0,Eric Weinstein: Geometric Unity and the Call for New Ideas & Institutions | Lex Fridman Podcast #88,1180383,9996,rIAZJNe7YtE,2020-04-13 00:00:00,https://www.youtube.com/watch?v=rIAZJNe7YtE,Eric Weinstein,Geometric Unity and the Call for New Ideas & Institutions
89.0,"Stephen Wolfram: Cellular Automata, Computation, and Physics | Lex Fridman Podcast #89",984568,11468,ez773teNFYA,2020-04-18 00:00:00,https://www.youtube.com/watch?v=ez773teNFYA,Stephen Wolfram,"Cellular Automata, Computation, and Physics"
90.0,Dmitry Korkin: Computational Biology of Coronavirus | Lex Fridman Podcast #90,66283,7742,CwyOUS8TSl0,2020-04-22 00:00:00,https://www.youtube.com/watch?v=CwyOUS8TSl0,Dmitry Korkin,Computational Biology of Coronavirus
91.0,"Jack Dorsey: Square, Cryptocurrency, and Artificial Intelligence | Lex Fridman Podcast #91",737752,3074,60KJz1BVTyU,2020-04-24 00:00:00,https://www.youtube.com/watch?v=60KJz1BVTyU,Jack Dorsey,"Square, Cryptocurrency, and Artificial Intelligence"
92.0,Harry Cliff: Particle Physics and the Large Hadron Collider | Lex Fridman Podcast #92,245415,5900,8A-5gIW0-eI,2020-04-29 00:00:00,https://www.youtube.com/watch?v=8A-5gIW0-eI,Harry Cliff,Particle Physics and the Large Hadron Collider
93.0,Daphne Koller: Biomedicine and Machine Learning | Lex Fridman Podcast #93,91141,4323,xlMTWfkQqbY,2020-05-05 00:00:00,https://www.youtube.com/watch?v=xlMTWfkQqbY,Daphne Koller,Biomedicine and Machine Learning
94.0,Ilya Sutskever: Deep Learning | Lex Fridman Podcast #94,547083,5848,13CZPWmke6A,2020-05-08 00:00:00,https://www.youtube.com/watch?v=13CZPWmke6A,Ilya Sutskever,Deep Learning
95.0,Dawn Song: Adversarial Machine Learning and Computer Security | Lex Fridman Podcast #95,67039,7956,HhY95m-WD_E,2020-05-12 00:00:00,https://www.youtube.com/watch?v=HhY95m-WD_E,Dawn Song,Adversarial Machine Learning and Computer Security
96.0,"Stephen Schwarzman: Going Big in Business, Investing, and AI | Lex Fridman Podcast #96",113282,4216,aYwDs9LTN50,2020-05-15 00:00:00,https://www.youtube.com/watch?v=aYwDs9LTN50,Stephen Schwarzman,"Going Big in Business, Investing, and AI"
97.0,Sertac Karaman: Robots That Fly and Robots That Drive | Lex Fridman Podcast #97,42139,4970,M1-v-dXIzho,2020-05-19 00:00:00,https://www.youtube.com/watch?v=M1-v-dXIzho,Sertac Karaman,Robots That Fly and Robots That Drive
98.0,Kate Darling: Social Robotics | Lex Fridman Podcast #98,100491,4356,7KTbEn7PiaY,2020-05-23 00:00:00,https://www.youtube.com/watch?v=7KTbEn7PiaY,Kate Darling,Social Robotics
99.0,Karl Friston: Neuroscience and the Free Energy Principle | Lex Fridman Podcast #99,140164,5341,NwzuibY5kUs,2020-05-28 00:00:00,https://www.youtube.com/watch?v=NwzuibY5kUs,Karl Friston,Neuroscience and the Free Energy Principle
101.0,Joscha Bach: Artificial Consciousness and the Nature of Reality | Lex Fridman Podcast #101,1739766,10818,P-2P3MSZrBM,2020-06-13 00:00:00,https://www.youtube.com/watch?v=P-2P3MSZrBM,Joscha Bach,Artificial Consciousness and the Nature of Reality
102.0,Steven Pressfield: The War of Art | Lex Fridman Podcast #102,98876,5249,PgtedwKGhXs,2020-06-20 00:00:00,https://www.youtube.com/watch?v=PgtedwKGhXs,Steven Pressfield,The War of Art
103.0,Ben Goertzel: Artificial General Intelligence | Lex Fridman Podcast #103,551057,14937,OpSmCKe27WE,2020-06-22 00:00:00,https://www.youtube.com/watch?v=OpSmCKe27WE,Ben Goertzel,Artificial General Intelligence
104.0,David Patterson: Computer Architecture and Data Storage | Lex Fridman Podcast #104,134813,6591,naed4C4hfAg,2020-06-27 00:00:00,https://www.youtube.com/watch?v=naed4C4hfAg,David Patterson,Computer Architecture and Data Storage
105.0,Robert Langer: Edison of Medicine | Lex Fridman Podcast #105,45936,3734,9LQffCdHHlQ,2020-06-30 00:00:00,https://www.youtube.com/watch?v=9LQffCdHHlQ,Robert Langer,Edison of Medicine
106.0,"Matt Botvinick: Neuroscience, Psychology, and AI at DeepMind | Lex Fridman Podcast #106",164539,7232,3t06ajvBtl0,2020-07-03 00:00:00,https://www.youtube.com/watch?v=3t06ajvBtl0,Matt Botvinick,"Neuroscience, Psychology, and AI at DeepMind"
107.0,"Peter Singer: Suffering in Humans, Animals, and AI | Lex Fridman Podcast #107",104808,4154,llh-2pqSGrs,2020-07-08 00:00:00,https://www.youtube.com/watch?v=llh-2pqSGrs,Peter Singer,"Suffering in Humans, Animals, and AI"
108.0,Sergey Levine: Robotics and Machine Learning | Lex Fridman Podcast #108,94193,5850,kxi-_TT_-Nc,2020-07-14 00:00:00,https://www.youtube.com/watch?v=kxi-_TT_-Nc,Sergey Levine,Robotics and Machine Learning
109.0,"Brian Kernighan: UNIX, C, AWK, AMPL, and Go Programming | Lex Fridman Podcast #109",396843,6189,O9upVbGSBFo,2020-07-18 00:00:00,https://www.youtube.com/watch?v=O9upVbGSBFo,Brian Kernighan,"UNIX, C, AWK, AMPL, and Go Programming"
110.0,Jitendra Malik: Computer Vision | Lex Fridman Podcast #110,56882,6096,LRYkH-fAVGE,2020-07-21 00:00:00,https://www.youtube.com/watch?v=LRYkH-fAVGE,Jitendra Malik,Computer Vision
111.0,Richard Karp: Algorithms and Computational Complexity | Lex Fridman Podcast #111,137456,7652,KllCrlfLuzs,2020-07-26 00:00:00,https://www.youtube.com/watch?v=KllCrlfLuzs,Richard Karp,Algorithms and Computational Complexity
112.0,"Ian Hutchinson: Nuclear Fusion, Plasma Physics, and Religion | Lex Fridman Podcast #112",253030,7275,pDSEjaDCtOU,2020-07-29 00:00:00,https://www.youtube.com/watch?v=pDSEjaDCtOU,Ian Hutchinson,"Nuclear Fusion, Plasma Physics, and Religion"
113.0,Manolis Kellis: Human Genome and Evolutionary Dynamics | Lex Fridman Podcast #113,375893,8964,brslF-Cy3HU,2020-07-31 00:00:00,https://www.youtube.com/watch?v=brslF-Cy3HU,Manolis Kellis,Human Genome and Evolutionary Dynamics
114.0,"Russ Tedrake: Underactuated Robotics, Control, Dynamics and Touch | Lex Fridman Podcast #114",116824,10126,A22Ej6kb2wo,2020-08-09 00:00:00,https://www.youtube.com/watch?v=A22Ej6kb2wo,Russ Tedrake,"Underactuated Robotics, Control, Dynamics and Touch"
115.0,Dileep George: Brain-Inspired AI | Lex Fridman Podcast #115,114384,7805,tg_m_LxxRwM,2020-08-14 00:00:00,https://www.youtube.com/watch?v=tg_m_LxxRwM,Dileep George,Brain-Inspired AI
116.0,Sara Seager: Search for Planets and Life Outside Our Solar System | Lex Fridman Podcast #116,451657,6095,-jA2ABHBc6Y,2020-08-16 00:00:00,https://www.youtube.com/watch?v=-jA2ABHBc6Y,Sara Seager,Search for Planets and Life Outside Our Solar System
117.0,Sheldon Solomon: Death and Meaning | Lex Fridman Podcast #117,986631,10583,qfKyNxfyWbo,2020-08-20 00:00:00,https://www.youtube.com/watch?v=qfKyNxfyWbo,Sheldon Solomon,Death and Meaning
118.0,"Grant Sanderson: Math, Manim, Neural Networks & Teaching with 3Blue1Brown | Lex Fridman Podcast #118",279019,7705,U_6AYX42gkU,2020-08-23 00:00:00,https://www.youtube.com/watch?v=U_6AYX42gkU,Grant Sanderson,"Math, Manim, Neural Networks & Teaching with 3Blue1Brown"
119.0,David Eagleman: Neuroplasticity and the Livewired Brain | Lex Fridman Podcast #119,158575,6084,386s-y1aRRo,2020-08-26 00:00:00,https://www.youtube.com/watch?v=386s-y1aRRo,David Eagleman,Neuroplasticity and the Livewired Brain
120.0,François Chollet: Measures of Intelligence | Lex Fridman Podcast #120,233897,9260,PUAdj3w3wO4,2020-08-30 00:00:00,https://www.youtube.com/watch?v=PUAdj3w3wO4,François Chollet,Measures of Intelligence
121.0,Eugenia Kuyda: Friendship with an AI Companion | Lex Fridman Podcast #121,288815,10866,_AGPbvCDBCk,2020-09-05 00:00:00,https://www.youtube.com/watch?v=_AGPbvCDBCk,Eugenia Kuyda,Friendship with an AI Companion
122.0,"David Fravor: UFOs, Aliens, Fighter Jets, and Aerospace Engineering | Lex Fridman Podcast #122",6760882,14184,aB8zcAttP1E,2020-09-08 00:00:00,https://www.youtube.com/watch?v=aB8zcAttP1E,David Fravor,"UFOs, Aliens, Fighter Jets, and Aerospace Engineering"
123.0,"Manolis Kellis: Origin of Life, Humans, Ideas, Suffering, and Happiness | Lex Fridman Podcast #123",517743,7852,t06rkOOUa7g,2020-09-12 00:00:00,https://www.youtube.com/watch?v=t06rkOOUa7g,Manolis Kellis,"Origin of Life, Humans, Ideas, Suffering, and Happiness"
124.0,"Stephen Wolfram: Fundamental Theory of Physics, Life, and the Universe | Lex Fridman Podcast #124",463208,15818,-t1_ffaFXao,2020-09-15 00:00:00,https://www.youtube.com/watch?v=-t1_ffaFXao,Stephen Wolfram,"Fundamental Theory of Physics, Life, and the Universe"
125.0,"Ryan Hall: Martial Arts and the Philosophy of Violence, Power, and Grace | Lex Fridman Podcast #125",1247227,13693,hhEwWghH_XM,2020-09-20 00:00:00,https://www.youtube.com/watch?v=hhEwWghH_XM,Ryan Hall,"Martial Arts and the Philosophy of Violence, Power, and Grace"
126.0,"James Gosling: Java, JVM, Emacs, and the Early Days of Computing | Lex Fridman Podcast #126",383877,6661,IT__Nrr3PNI,2020-09-24 00:00:00,https://www.youtube.com/watch?v=IT__Nrr3PNI,James Gosling,"Java, JVM, Emacs, and the Early Days of Computing"
127.0,"Joe Rogan: Fear, Love, Chaos, and the Joe Rogan Experience | Lex Fridman Podcast #127",3362977,4564,FKCJWkPehdY,2020-09-26 00:00:00,https://www.youtube.com/watch?v=FKCJWkPehdY,Joe Rogan,"Fear, Love, Chaos, and the Joe Rogan Experience"
128.0,"Michael Malice: Anarchy, Democracy, Libertarianism, Love, and Trolling | Lex Fridman Podcast #128",1551657,12031,BIk1zUy8ehU,2020-10-02 00:00:00,https://www.youtube.com/watch?v=BIk1zUy8ehU,Michael Malice,"Anarchy, Democracy, Libertarianism, Love, and Trolling"
129.0,Lisa Feldman Barrett: Counterintuitive Ideas About How the Brain Works | Lex Fridman Podcast #129,420738,8417,NbdRIVCBqNI,2020-10-04 00:00:00,https://www.youtube.com/watch?v=NbdRIVCBqNI,Lisa Feldman Barrett,Counterintuitive Ideas About How the Brain Works
130.0,Scott Aaronson: Computational Complexity and Consciousness | Lex Fridman Podcast #130,147631,6756,nAMjv0NAESM,2020-10-11 00:00:00,https://www.youtube.com/watch?v=nAMjv0NAESM,Scott Aaronson,Computational Complexity and Consciousness
131.0,Chris Lattner: The Future of Computing and Programming Languages | Lex Fridman Podcast #131,485938,9760,nWTvXbQHwWs,2020-10-18 00:00:00,https://www.youtube.com/watch?v=nWTvXbQHwWs,Chris Lattner,The Future of Computing and Programming Languages
132.0,George Hotz: Hacking the Simulation & Learning to Drive with Neural Nets | Lex Fridman Podcast #132,1265501,11326,_L3gNaAVjQ4,2020-10-21 00:00:00,https://www.youtube.com/watch?v=_L3gNaAVjQ4,George Hotz,Hacking the Simulation & Learning to Drive with Neural Nets
133.0,Manolis Kellis: Biology of Disease | Lex Fridman Podcast #133,202867,9298,Aq9UPIXbtKI,2020-10-25 00:00:00,https://www.youtube.com/watch?v=Aq9UPIXbtKI,Manolis Kellis,Biology of Disease
134.0,"Eric Weinstein: On the Nature of Good and Evil, Genius and Madness | Lex Fridman Podcast #134",2139309,10310,o2nG7-eXxko,2020-10-29 00:00:00,https://www.youtube.com/watch?v=o2nG7-eXxko,Eric Weinstein,"On the Nature of Good and Evil, Genius and Madness"
135.0,"Charles Isbell: Computing, Interactive AI, and Race in America | Lex Fridman Podcast #135",148666,8630,LAyZ8IYfGxQ,2020-11-01 00:00:00,https://www.youtube.com/watch?v=LAyZ8IYfGxQ,Charles Isbell,"Computing, Interactive AI, and Race in America"
136.0,Dan Carlin: Hardcore History | Lex Fridman Podcast #136,5670783,12085,-k-ztNsBM54,2020-11-02 00:00:00,https://www.youtube.com/watch?v=-k-ztNsBM54,Dan Carlin,Hardcore History
137.0,"Alex Filippenko: Supernovae, Dark Energy, Aliens & the Expanding Universe | Lex Fridman Podcast #137",3267516,9347,WxfA1OSev4c,2020-11-07 00:00:00,https://www.youtube.com/watch?v=WxfA1OSev4c,Alex Filippenko,"Supernovae, Dark Energy, Aliens & the Expanding Universe"
138.0,Yaron Brook: Ayn Rand and the Philosophy of Objectivism | Lex Fridman Podcast #138,289567,10186,SOr1YYRljV8,2020-11-13 00:00:00,https://www.youtube.com/watch?v=SOr1YYRljV8,Yaron Brook,Ayn Rand and the Philosophy of Objectivism
139.0,Andrew Huberman: Neuroscience of Optimal Performance | Lex Fridman Podcast #139,1821624,9135,Ktj050DxG7Q,2020-11-16 00:00:00,https://www.youtube.com/watch?v=Ktj050DxG7Q,Andrew Huberman,Neuroscience of Optimal Performance
140.0,"Lisa Feldman Barrett: Love, Evolution, and the Human Brain | Lex Fridman Podcast #140",202798,8137,S_AFc_BXht4,2020-11-20 00:00:00,https://www.youtube.com/watch?v=S_AFc_BXht4,Lisa Feldman Barrett,"Love, Evolution, and the Human Brain"
141.0,"Erik Brynjolfsson: Economics of AI, Social Networks, and Technology | Lex Fridman Podcast #141",147956,5989,NOReE-3EBhI,2020-11-25 00:00:00,https://www.youtube.com/watch?v=NOReE-3EBhI,Erik Brynjolfsson,"Economics of AI, Social Networks, and Technology"
142.0,"Manolis Kellis: Meaning of Life, the Universe, and Everything | Lex Fridman Podcast #142",185127,7856,bgNzUxyS-kQ,2020-11-30 00:00:00,https://www.youtube.com/watch?v=bgNzUxyS-kQ,Manolis Kellis,"Meaning of Life, the Universe, and Everything"
143.0,John Clarke: The Art of Fighting and the Pursuit of Excellence | Lex Fridman Podcast #143,90593,10489,RvhpncC5jZ8,2020-12-06 00:00:00,https://www.youtube.com/watch?v=RvhpncC5jZ8,John Clarke,The Art of Fighting and the Pursuit of Excellence
144.0,Michael Littman: Reinforcement Learning and the Future of AI | Lex Fridman Podcast #144,92999,6992,c9AbECvRt20,2020-12-12 00:00:00,https://www.youtube.com/watch?v=c9AbECvRt20,Michael Littman,Reinforcement Learning and the Future of AI
145.0,Matthew Johnson: Psychedelics | Lex Fridman Podcast #145,1464592,12898,ICj8p5jPd3Y,2020-12-13 00:00:00,https://www.youtube.com/watch?v=ICj8p5jPd3Y,Matthew Johnson,Psychedelics
146.0,"Michael Mina: Rapid Testing, Viruses, and the Engineering Mindset | Lex Fridman Podcast #146",153308,8051,L-RuvUkcyJI,2020-12-18 00:00:00,https://www.youtube.com/watch?v=L-RuvUkcyJI,Michael Mina,"Rapid Testing, Viruses, and the Engineering Mindset"
147.0,Dmitri Dolgov: Waymo and the Future of Self-Driving Cars | Lex Fridman Podcast #147,97773,8590,P6prRXkI5HM,2020-12-20 00:00:00,https://www.youtube.com/watch?v=P6prRXkI5HM,Dmitri Dolgov,Waymo and the Future of Self-Driving Cars
148.0,Charles Isbell and Michael Littman: Machine Learning and Education | Lex Fridman Podcast #148,189839,7067,yzMVEbs8Zz0,2020-12-26 00:00:00,https://www.youtube.com/watch?v=yzMVEbs8Zz0,Charles Isbell and Michael Littman,Machine Learning and Education
149.0,"Diana Walsh Pasulka: Aliens, Technology, Religion & the Nature of Belief | Lex Fridman Podcast #149",1641051,10514,iqBh7G4uDR8,2020-12-27 00:00:00,https://www.youtube.com/watch?v=iqBh7G4uDR8,Diana Walsh Pasulka,"Aliens, Technology, Religion & the Nature of Belief"
150.0,"Michael Malice: Freedom, Hope, and Happiness Amidst Chaos | Lex Fridman Podcast #150",1862213,10972,uykM3NhJbso,2020-12-31 00:00:00,https://www.youtube.com/watch?v=uykM3NhJbso,Michael Malice,"Freedom, Hope, and Happiness Amidst Chaos"
151.0,Dan Kokotov: Speech Recognition with AI and Humans | Lex Fridman Podcast #151,72991,5326,yTWa-Z1UQwU,2021-01-04 00:00:00,https://www.youtube.com/watch?v=yTWa-Z1UQwU,Dan Kokotov,Speech Recognition with AI and Humans
152.0,"Dan Gable: Olympic Wrestling, Mental Toughness & the Making of Champions | Lex Fridman Podcast #152",175277,4201,pRzelZlKl7E,2021-01-09 00:00:00,https://www.youtube.com/watch?v=pRzelZlKl7E,Dan Gable,"Olympic Wrestling, Mental Toughness & the Making of Champions"
153.0,"Dmitry Korkin: Evolution of Proteins, Viruses, Life, and AI | Lex Fridman Podcast #153",117000,7957,I51DuprOb0o,2021-01-11 00:00:00,https://www.youtube.com/watch?v=I51DuprOb0o,Dmitry Korkin,"Evolution of Proteins, Viruses, Life, and AI"
154.0,"Avi Loeb: Aliens, Black Holes, and the Mystery of the Oumuamua | Lex Fridman Podcast #154",5178635,9831,plcc6E-E1uU,2021-01-13 00:00:00,https://www.youtube.com/watch?v=plcc6E-E1uU,Avi Loeb,"Aliens, Black Holes, and the Mystery of the Oumuamua"
155.0,Max Tegmark: AI and Physics | Lex Fridman Podcast #155,1721935,10963,RL4j4KPwNGM,2021-01-17 00:00:00,https://www.youtube.com/watch?v=RL4j4KPwNGM,Max Tegmark,AI and Physics
156.0,"Tim Dillon: Comedy, Power, Conspiracy Theories, and Freedom | Lex Fridman Podcast #156",2089463,8560,8wYZjOzfTUk,2021-01-29 00:00:00,https://www.youtube.com/watch?v=8wYZjOzfTUk,Tim Dillon,"Comedy, Power, Conspiracy Theories, and Freedom"
157.0,Natalya Bailey: Rocket Engines and Electric Spacecraft Propulsion | Lex Fridman Podcast #157,426136,5680,CejJ2aVRUE8,2021-02-01 00:00:00,https://www.youtube.com/watch?v=CejJ2aVRUE8,Natalya Bailey,Rocket Engines and Electric Spacecraft Propulsion
158.0,Zev Weinstein: The Next Generation of Big Ideas and Brave Minds | Lex Fridman Podcast #158,286206,6272,QSPtSNqUCUw,2021-02-05 00:00:00,https://www.youtube.com/watch?v=QSPtSNqUCUw,Zev Weinstein,The Next Generation of Big Ideas and Brave Minds
159.0,"Richard Craib: WallStreetBets, Numerai, and the Future of Stock Trading | Lex Fridman Podcast #159",241343,6596,ziQSpuST6Es,2021-02-07 00:00:00,https://www.youtube.com/watch?v=ziQSpuST6Es,Richard Craib,"WallStreetBets, Numerai, and the Future of Stock Trading"
160.0,"Brendan Eich: JavaScript, Firefox, Mozilla, and Brave | Lex Fridman Podcast #160",825489,10759,krB0enBeSiE,2021-02-12 00:00:00,https://www.youtube.com/watch?v=krB0enBeSiE,Brendan Eich,"JavaScript, Firefox, Mozilla, and Brave"
161.0,"Jason Calacanis: Startups, Angel Investing, Capitalism, and Friendship | Lex Fridman Podcast #161",376505,7870,d2bYwYxqJCM,2021-02-15 00:00:00,https://www.youtube.com/watch?v=d2bYwYxqJCM,Jason Calacanis,"Startups, Angel Investing, Capitalism, and Friendship"
162.0,"Jim Keller: The Future of Computing, AI, Life, and Consciousness | Lex Fridman Podcast #162",1023899,9555,G4hL5Om4IJ4,2021-02-18 00:00:00,https://www.youtube.com/watch?v=G4hL5Om4IJ4,Jim Keller,"The Future of Computing, AI, Life, and Consciousness"
163.0,"Eric Weinstein: Difficult Conversations, Freedom of Speech, and Physics | Lex Fridman Podcast #163",1081533,9520,ifX_JnBfxTY,2021-02-22 00:00:00,https://www.youtube.com/watch?v=ifX_JnBfxTY,Eric Weinstein,"Difficult Conversations, Freedom of Speech, and Physics"
164.0,"Andrew Huberman: Sleep, Dreams, Creativity, Fasting, and Neuroplasticity | Lex Fridman Podcast #164",2382092,10403,ClxRHJPz8aQ,2021-02-28 00:00:00,https://www.youtube.com/watch?v=ClxRHJPz8aQ,Andrew Huberman,"Sleep, Dreams, Creativity, Fasting, and Neuroplasticity"
165.0,"Josh Barnett: Philosophy of Violence, Power, and the Martial Arts | Lex Fridman #165",225364,7916,YJWPowbCK_I,2021-03-01 00:00:00,https://www.youtube.com/watch?v=YJWPowbCK_I,Josh Barnett,"Philosophy of Violence, Power, and the Martial Arts"
166.0,"Cal Newport: Deep Work, Focus, Productivity, Email, and Social Media | Lex Fridman Podcast #166",1183415,10985,y3Umo_jd5AA,2021-03-04 00:00:00,https://www.youtube.com/watch?v=y3Umo_jd5AA,Cal Newport,"Deep Work, Focus, Productivity, Email, and Social Media"
167.0,"Saagar Enjeti: Politics, History, and Power | Lex Fridman Podcast #167",1629521,11343,grceJbuPUXI,2021-03-13 00:00:00,https://www.youtube.com/watch?v=grceJbuPUXI,Saagar Enjeti,"Politics, History, and Power"
168.0,"Silvio Micali: Cryptocurrency, Blockchain, Algorand, Bitcoin & Ethereum | Lex Fridman Podcast #168",510720,6821,zNdhgOk4-fE,2021-03-14 00:00:00,https://www.youtube.com/watch?v=zNdhgOk4-fE,Silvio Micali,"Cryptocurrency, Blockchain, Algorand, Bitcoin & Ethereum"
169.0,Ryan Hall: Solving Martial Arts from First Principles | Lex Fridman Podcast #169,280358,10408,VHg9sfOzBbY,2021-03-20 00:00:00,https://www.youtube.com/watch?v=VHg9sfOzBbY,Ryan Hall,Solving Martial Arts from First Principles
170.0,Ronald Sullivan: The Ideal of Justice in the Face of Controversy and Evil | Lex Fridman Podcast #170,181279,6217,Iuven0crywo,2021-03-21 00:00:00,https://www.youtube.com/watch?v=Iuven0crywo,Ronald Sullivan,The Ideal of Justice in the Face of Controversy and Evil
171.0,Anthony Pompliano: Bitcoin | Lex Fridman Podcast #171,710198,10936,IHg6ixt3CKc,2021-03-25 00:00:00,https://www.youtube.com/watch?v=IHg6ixt3CKc,Anthony Pompliano,Bitcoin
172.0,Ryan Schiller: Librex and the Free Exchange of Ideas on College Campuses | Lex Fridman Podcast #172,75692,8801,UOEpe17nPhE,2021-03-29 00:00:00,https://www.youtube.com/watch?v=UOEpe17nPhE,Ryan Schiller,Librex and the Free Exchange of Ideas on College Campuses
173.0,"Nic Carter: Bitcoin Core Values, Layered Scaling, and Blocksize Debates | Lex Fridman Podcast #173",582348,8835,mDyBbGCiBUU,2021-03-31 00:00:00,https://www.youtube.com/watch?v=mDyBbGCiBUU,Nic Carter,"Bitcoin Core Values, Layered Scaling, and Blocksize Debates"
174.0,Tyler Cowen: Economic Growth & the Fight Against Conformity & Mediocrity | Lex Fridman Podcast #174,298404,7798,7Grseeycor4,2021-04-10 00:00:00,https://www.youtube.com/watch?v=7Grseeycor4,Tyler Cowen,Economic Growth & the Fight Against Conformity & Mediocrity
175.0,Yannis Pappas: History and Comedy | Lex Fridman Podcast #175,297586,6649,dmVqpx4YOY4,2021-04-12 00:00:00,https://www.youtube.com/watch?v=dmVqpx4YOY4,Yannis Pappas,History and Comedy
176.0,Robert Breedlove: Philosophy of Bitcoin from First Principles | Lex Fridman Podcast #176,458718,14629,HrehEWYj16s,2021-04-17 00:00:00,https://www.youtube.com/watch?v=HrehEWYj16s,Robert Breedlove,Philosophy of Bitcoin from First Principles
177.0,Risto Miikkulainen: Neuroevolution and Evolutionary Computation | Lex Fridman Podcast #177,110639,6977,CY_LEa9xQtg,2021-04-18 00:00:00,https://www.youtube.com/watch?v=CY_LEa9xQtg,Risto Miikkulainen,Neuroevolution and Evolutionary Computation
178.0,"Michael Malice and Yaron Brook: Ayn Rand, Human Nature, and Anarchy | Lex Fridman Podcast #178",550289,15918,Pl3x4GINtBQ,2021-04-24 00:00:00,https://www.youtube.com/watch?v=Pl3x4GINtBQ,Michael Malice and Yaron Brook,"Ayn Rand, Human Nature, and Anarchy"
179.0,Georges St-Pierre: The Science of Fighting | Lex Fridman Podcast #179,1368779,9789,fIPxfzfOTxk,2021-04-25 00:00:00,https://www.youtube.com/watch?v=fIPxfzfOTxk,Georges St-Pierre,The Science of Fighting
180.0,Jeremi Suri: History of American Power | Lex Fridman Podcast #180,484357,7727,USnqkUAr_3w,2021-04-29 00:00:00,https://www.youtube.com/watch?v=USnqkUAr_3w,Jeremi Suri,History of American Power
181.0,"Sergey Nazarov: Chainlink, Smart Contracts, and Oracle Networks | Lex Fridman Podcast #181",827260,10797,TPXTmVdlyoc,2021-05-01 00:00:00,https://www.youtube.com/watch?v=TPXTmVdlyoc,Sergey Nazarov,"Chainlink, Smart Contracts, and Oracle Networks"
182.0,"John Danaher: The Path to Mastery in Jiu Jitsu, Grappling, Judo, and MMA | Lex Fridman Podcast #182",2264339,13074,ktuw6Ow4sd0,2021-05-09 00:00:00,https://www.youtube.com/watch?v=ktuw6Ow4sd0,John Danaher,"The Path to Mastery in Jiu Jitsu, Grappling, Judo, and MMA"
183.0,"Po-Shen Loh: Mathematics, Math Olympiad, Combinatorics & Contact Tracing | Lex Fridman Podcast #183",258406,8415,6z1JwZbX4dQ,2021-05-14 00:00:00,https://www.youtube.com/watch?v=6z1JwZbX4dQ,Po-Shen Loh,"Mathematics, Math Olympiad, Combinatorics & Contact Tracing"
184.0,"Katherine de Kleer: Planets, Moons, Asteroids & Life in Our Solar System | Lex Fridman Podcast #184",549645,7014,85F0FDsPHf8,2021-05-17 00:00:00,https://www.youtube.com/watch?v=85F0FDsPHf8,Katherine de Kleer,"Planets, Moons, Asteroids & Life in Our Solar System"
185.0,"Sam Harris: Consciousness, Free Will, Psychedelics, AI, UFOs, and Meaning | Lex Fridman Podcast #185",6524647,11840,4dC_nRYIDZU,2021-05-20 00:00:00,https://www.youtube.com/watch?v=4dC_nRYIDZU,Sam Harris,"Consciousness, Free Will, Psychedelics, AI, UFOs, and Meaning"
186.0,Bryan Johnson: Kernel Brain-Computer Interfaces | Lex Fridman Podcast #186,421033,9090,1YbcB6b4A2U,2021-05-24 00:00:00,https://www.youtube.com/watch?v=1YbcB6b4A2U,Bryan Johnson,Kernel Brain-Computer Interfaces
187.0,"Frank Wilczek: Physics of Quarks, Dark Matter, Complexity, Life & Aliens | Lex Fridman Podcast #187",932720,8540,LDTe8uFqbws,2021-05-29 00:00:00,https://www.youtube.com/watch?v=LDTe8uFqbws,Frank Wilczek,"Physics of Quarks, Dark Matter, Complexity, Life & Aliens"
188.0,Vitalik Buterin: Ethereum 2.0 | Lex Fridman Podcast #188,4783096,10920,XW0QZmtbjvs,2021-06-03 00:00:00,https://www.youtube.com/watch?v=XW0QZmtbjvs,Vitalik Buterin,Ethereum 2.0
189.0,David Sinclair: Extending the Human Lifespan Beyond 100 Years | Lex Fridman Podcast #189,615389,6094,jhKZIq3SlYE,2021-06-06 00:00:00,https://www.youtube.com/watch?v=jhKZIq3SlYE,David Sinclair,Extending the Human Lifespan Beyond 100 Years
190.0,Jordan Ellenberg: Mathematics of High-Dimensional Shapes and Geometries | Lex Fridman Podcast #190,203068,9707,tueAcSiiqYA,2021-06-12 00:00:00,https://www.youtube.com/watch?v=tueAcSiiqYA,Jordan Ellenberg,Mathematics of High-Dimensional Shapes and Geometries
191.0,Daniel Schmachtenberger: Steering Civilization Away from Self-Destruction | Lex Fridman Podcast #191,518211,15319,hGRNUw559SE,2021-06-14 00:00:00,https://www.youtube.com/watch?v=hGRNUw559SE,Daniel Schmachtenberger,Steering Civilization Away from Self-Destruction
192.0,Charles Hoskinson: Cardano | Lex Fridman Podcast #192,765489,17871,FKh8hjJNhWc,2021-06-16 00:00:00,https://www.youtube.com/watch?v=FKh8hjJNhWc,Charles Hoskinson,Cardano
193.0,Rob Reid: The Existential Threat of Engineered Viruses and Lab Leaks | Lex Fridman Podcast #193,170591,10752,cuD9uNFXnU8,2021-06-20 00:00:00,https://www.youtube.com/watch?v=cuD9uNFXnU8,Rob Reid,The Existential Threat of Engineered Viruses and Lab Leaks
194.0,"Bret Weinstein: Truth, Science, and Censorship in the Time of a Pandemic | Lex Fridman Podcast #194",3296888,11829,TG6BuSjwP4o,2021-06-25 00:00:00,https://www.youtube.com/watch?v=TG6BuSjwP4o,Bret Weinstein,"Truth, Science, and Censorship in the Time of a Pandemic"
195.0,Clara Sousa-Silva: Searching for Signs of Life on Venus and Other Planets | Lex Fridman Podcast #195,508526,7092,CGAvsmokB4c,2021-06-27 00:00:00,https://www.youtube.com/watch?v=CGAvsmokB4c,Clara Sousa-Silva,Searching for Signs of Life on Venus and Other Planets
196.0,Yeonmi Park: North Korea | Lex Fridman Podcast #196,1562006,7248,usDqSEKDVsA,2021-06-30 00:00:00,https://www.youtube.com/watch?v=usDqSEKDVsA,Yeonmi Park,North Korea
197.0,"Jocko Willink: War, Leadership, and Discipline | Lex Fridman Podcast #197",1214466,7058,n2RcVEftY48,2021-07-04 00:00:00,https://www.youtube.com/watch?v=n2RcVEftY48,Jocko Willink,"War, Leadership, and Discipline"
198.0,Sara Walker: The Origin of Life on Earth and Alien Worlds | Lex Fridman Podcast #198,935388,7168,-tDQ74I3Ovs,2021-07-09 00:00:00,https://www.youtube.com/watch?v=-tDQ74I3Ovs,Sara Walker,The Origin of Life on Earth and Alien Worlds
199.0,Roger Reaves: Smuggling Drugs for Pablo Escobar and the Medellin Cartel | Lex Fridman Podcast #199,2438156,7788,Udh22kuLebg,2021-07-11 00:00:00,https://www.youtube.com/watch?v=Udh22kuLebg,Roger Reaves,Smuggling Drugs for Pablo Escobar and the Medellin Cartel
200.0,Michael Malice: Totalitarianism and Anarchy | Lex Fridman Podcast #200,1951744,9441,R5rNoV1Qy_Q,2021-07-15 00:00:00,https://www.youtube.com/watch?v=R5rNoV1Qy_Q,Michael Malice,Totalitarianism and Anarchy
201.0,Konstantin Batygin: Planet 9 and the Edge of Our Solar System | Lex Fridman Podcast #201,2696976,9593,tm7poMupE8k,2021-07-18 00:00:00,https://www.youtube.com/watch?v=tm7poMupE8k,Konstantin Batygin,Planet 9 and the Edge of Our Solar System
202.0,Rick Doblin: Psychedelics | Lex Fridman Podcast #202,213133,9366,2tUiLxtrLxk,2021-07-20 00:00:00,https://www.youtube.com/watch?v=2tUiLxtrLxk,Rick Doblin,Psychedelics
203.0,Anya Fernald: Regenerative Farming and the Art of Cooking Meat | Lex Fridman Podcast #203,141201,6294,ew8U43IXTfk,2021-07-23 00:00:00,https://www.youtube.com/watch?v=ew8U43IXTfk,Anya Fernald,Regenerative Farming and the Art of Cooking Meat
204.0,Cumrun Vafa: String Theory | Lex Fridman Podcast #204,326905,8001,j4_VyRDOmN4,2021-07-25 00:00:00,https://www.youtube.com/watch?v=j4_VyRDOmN4,Cumrun Vafa,String Theory
205.0,Zach Bitter: Ultramarathon Running | Lex Fridman Podcast #205,188156,10907,0RTWSJAqTPg,2021-07-28 00:00:00,https://www.youtube.com/watch?v=0RTWSJAqTPg,Zach Bitter,Ultramarathon Running
206.0,Ishan Misra: Self-Supervised Deep Learning in Computer Vision | Lex Fridman Podcast #206,126512,9030,FUS6ceIvUnI,2021-07-31 00:00:00,https://www.youtube.com/watch?v=FUS6ceIvUnI,Ishan Misra,Self-Supervised Deep Learning in Computer Vision
207.0,Chris Duffin: The Mad Scientist of Strength | Lex Fridman Podcast #207,221697,9777,e4Bet29PVPY,2021-08-03 00:00:00,https://www.youtube.com/watch?v=e4Bet29PVPY,Chris Duffin,The Mad Scientist of Strength
208.0,Jeff Hawkins: The Thousand Brains Theory of Intelligence | Lex Fridman Podcast #208,286064,8309,Z1KwkpTUbkg,2021-08-07 00:00:00,https://www.youtube.com/watch?v=Z1KwkpTUbkg,Jeff Hawkins,The Thousand Brains Theory of Intelligence
209.0,Luís and João Batalha: Fermat's Library and the Art of Studying Papers | Lex Fridman Podcast #209,125605,10492,ndMahzDCH1Y,2021-08-08 00:00:00,https://www.youtube.com/watch?v=ndMahzDCH1Y,Luís and João Batalha,Fermat's Library and the Art of Studying Papers
210.0,Matt Walker: Sleep | Lex Fridman Podcast #210,354254,10098,Hc4XvHTlW3s,2021-08-11 00:00:00,https://www.youtube.com/watch?v=Hc4XvHTlW3s,Matt Walker,Sleep
211.0,Brian Muraresku: The Secret History of Psychedelics | Lex Fridman Podcast #211,573930,6748,oYQh1ZNkC70,2021-08-14 00:00:00,https://www.youtube.com/watch?v=oYQh1ZNkC70,Brian Muraresku,The Secret History of Psychedelics
212.0,"Joscha Bach: Nature of Reality, Dreams, and Consciousness | Lex Fridman Podcast #212",1644154,11541,rIpUf-Vy2JA,2021-08-21 00:00:00,https://www.youtube.com/watch?v=rIpUf-Vy2JA,Joscha Bach,"Nature of Reality, Dreams, and Consciousness"
213.0,Barry Barish: Gravitational Waves and the Most Precise Device Ever Built | Lex Fridman Podcast #213,308693,8575,J48bm21q8_A,2021-08-23 00:00:00,https://www.youtube.com/watch?v=J48bm21q8_A,Barry Barish,Gravitational Waves and the Most Precise Device Ever Built
214.0,Jed Buchwald: Isaac Newton and the Philosophy of Science | Lex Fridman Podcast #214,177138,6737,TRdL6ZzWBS0,2021-08-27 00:00:00,https://www.youtube.com/watch?v=TRdL6ZzWBS0,Jed Buchwald,Isaac Newton and the Philosophy of Science
215.0,"Wojciech Zaremba: OpenAI Codex, GPT-3, Robotics, and the Future of AI | Lex Fridman Podcast #215",292420,10293,U5OD8MjYnOM,2021-08-29 00:00:00,https://www.youtube.com/watch?v=U5OD8MjYnOM,Wojciech Zaremba,"OpenAI Codex, GPT-3, Robotics, and the Future of AI"
216.0,Vincent Racaniello: Viruses and Vaccines | Lex Fridman Podcast #216,675537,12520,G433fa01oMU,2021-09-01 00:00:00,https://www.youtube.com/watch?v=G433fa01oMU,Vincent Racaniello,Viruses and Vaccines
217.0,Rodney Brooks: Robotics | Lex Fridman Podcast #217,154549,8692,nre0QT9LN6w,2021-09-03 00:00:00,https://www.youtube.com/watch?v=nre0QT9LN6w,Rodney Brooks,Robotics
218.0,"Jaron Lanier: Virtual Reality, Social Media & the Future of Humans and AI | Lex Fridman Podcast #218",530163,6749,Fx0G6DHMfXM,2021-09-06 00:00:00,https://www.youtube.com/watch?v=Fx0G6DHMfXM,Jaron Lanier,"Virtual Reality, Social Media & the Future of Humans and AI"
219.0,"Donald Knuth: Programming, Algorithms, Hard Problems & the Game of Life | Lex Fridman Podcast #219",218680,8487,EE1R8FYUJm0,2021-09-09 00:00:00,https://www.youtube.com/watch?v=EE1R8FYUJm0,Donald Knuth,"Programming, Algorithms, Hard Problems & the Game of Life"
220.0,Niels Jorgensen: New York Firefighters and the Heroes of 9/11 | Lex Fridman Podcast #220,178463,9848,hZenJc1fa70,2021-09-11 00:00:00,https://www.youtube.com/watch?v=hZenJc1fa70,Niels Jorgensen,New York Firefighters and the Heroes of 9/11
221.0,Douglas Lenat: Cyc and the Quest to Solve Common Sense Reasoning in AI | Lex Fridman Podcast #221,123886,10376,3wMKoSRbGVs,2021-09-15 00:00:00,https://www.youtube.com/watch?v=3wMKoSRbGVs,Douglas Lenat,Cyc and the Quest to Solve Common Sense Reasoning in AI
222.0,Jay McClelland: Neural Networks and the Emergence of Cognition | Lex Fridman Podcast #222,166092,9117,Ui38ZzTymDY,2021-09-19 00:00:00,https://www.youtube.com/watch?v=Ui38ZzTymDY,Jay McClelland,Neural Networks and the Emergence of Cognition
223.0,"Travis Stevens: Judo, Olympics, and Mental Toughness | Lex Fridman Podcast #223",593656,13363,uiNpESmPioQ,2021-09-20 00:00:00,https://www.youtube.com/watch?v=uiNpESmPioQ,Travis Stevens,"Judo, Olympics, and Mental Toughness"
224.0,"Travis Oliphant: NumPy, SciPy, Anaconda, Python & Scientific Programming | Lex Fridman Podcast #224",577239,11124,gFEE3w7F0ww,2021-09-22 00:00:00,https://www.youtube.com/watch?v=gFEE3w7F0ww,Travis Oliphant,"NumPy, SciPy, Anaconda, Python & Scientific Programming"
225.0,Jeffrey Shainline: Neuromorphic Computing and Optoelectronic Intelligence | Lex Fridman Podcast #225,561957,10602,EwueqdgIvq4,2021-09-26 00:00:00,https://www.youtube.com/watch?v=EwueqdgIvq4,Jeffrey Shainline,Neuromorphic Computing and Optoelectronic Intelligence
226.0,Jo Boaler: How to Learn Math | Lex Fridman Podcast #226,164374,5440,KZnGSVwIpeU,2021-09-27 00:00:00,https://www.youtube.com/watch?v=KZnGSVwIpeU,Jo Boaler,How to Learn Math
227.0,"Sean Kelly: Existentialism, Nihilism, and the Search for Meaning | Lex Fridman Podcast #227",1112452,10378,cC1HszE5Hcw,2021-09-30 00:00:00,https://www.youtube.com/watch?v=cC1HszE5Hcw,Sean Kelly,"Existentialism, Nihilism, and the Search for Meaning"
228.0,"RZA: Wu-Tang Clan, Kung Fu, Chess, God, Life, and Death | Lex Fridman Podcast #228",452340,5180,Iau6W5pjy9Y,2021-10-05 00:00:00,https://www.youtube.com/watch?v=Iau6W5pjy9Y,RZA,"Wu-Tang Clan, Kung Fu, Chess, God, Life, and Death"
229.0,"Richard Wrangham: Violence, Sex, and Fire in Human Evolution | Lex Fridman Podcast #229",502832,9322,YJF01_ztxwY,2021-10-10 00:00:00,https://www.youtube.com/watch?v=YJF01_ztxwY,Richard Wrangham,"Violence, Sex, and Fire in Human Evolution"
230.0,"Kelsi Sheren: War, Artillery, PTSD, and Love | Lex Fridman Podcast #230",176101,14766,PbN3HzKkW4M,2021-10-14 00:00:00,https://www.youtube.com/watch?v=PbN3HzKkW4M,Kelsi Sheren,"War, Artillery, PTSD, and Love"
231.0,"Alex Gladstein: Bitcoin, Authoritarianism, and Human Rights | Lex Fridman Podcast #231",325011,9217,kSbMU5CbFM0,2021-10-16 00:00:00,https://www.youtube.com/watch?v=kSbMU5CbFM0,Alex Gladstein,"Bitcoin, Authoritarianism, and Human Rights"
232.0,"Brian Greene: Quantum Gravity, The Big Bang, Aliens, Death, and Meaning | Lex Fridman Podcast #232",1554804,6345,98HZanvAJ8Y,2021-10-20 00:00:00,https://www.youtube.com/watch?v=98HZanvAJ8Y,Brian Greene,"Quantum Gravity, The Big Bang, Aliens, Death, and Meaning"
233.0,"Carl Hart: Heroin, Cocaine, MDMA, Alcohol & the Role of Drugs in Society | Lex Fridman Podcast #233",389896,4263,3LWNY70Oj4A,2021-10-23 00:00:00,https://www.youtube.com/watch?v=3LWNY70Oj4A,Carl Hart,"Heroin, Cocaine, MDMA, Alcohol & the Role of Drugs in Society"
234.0,Stephen Wolfram: Complexity and the Fabric of Reality | Lex Fridman Podcast #234,2825334,13123,4-SGpEInX_c,2021-10-26 00:00:00,https://www.youtube.com/watch?v=4-SGpEInX_c,Stephen Wolfram,Complexity and the Fabric of Reality
235.0,Michael Mina: Rapid COVID Testing | Lex Fridman Podcast #235,59439,6407,80OvNaEgmmw,2021-10-29 00:00:00,https://www.youtube.com/watch?v=80OvNaEgmmw,Michael Mina,Rapid COVID Testing
236.0,Jimmy Pedro: Judo and the Forging of Champions | Lex Fridman Podcast #236,146633,8588,uy1fX2vOAEE,2021-10-31 00:00:00,https://www.youtube.com/watch?v=uy1fX2vOAEE,Jimmy Pedro,Judo and the Forging of Champions
237.0,Steve Viscelli: Trucking and the Decline of the American Dream | Lex Fridman Podcast #237,795341,11537,a3Wpy6gE4So,2021-11-03 00:00:00,https://www.youtube.com/watch?v=a3Wpy6gE4So,Steve Viscelli,Trucking and the Decline of the American Dream
238.0,Francis Collins: National Institutes of Health (NIH) | Lex Fridman Podcast #238,165396,5213,mRZE-SJShkE,2021-11-05 00:00:00,https://www.youtube.com/watch?v=mRZE-SJShkE,Francis Collins,National Institutes of Health (NIH)
239.0,"Niall Ferguson: History of Money, Power, War, and Truth | Lex Fridman Podcast #239",1107005,9673,xF6x1ftN-H4,2021-11-08 00:00:00,https://www.youtube.com/watch?v=xF6x1ftN-H4,Niall Ferguson,"History of Money, Power, War, and Truth"
240.0,"Neal Stephenson: Sci-Fi, Space, Aliens, AI, VR & the Future of Humanity | Lex Fridman Podcast #240",1361408,9591,xAfdSak2fs8,2021-11-11 00:00:00,https://www.youtube.com/watch?v=xAfdSak2fs8,Neal Stephenson,"Sci-Fi, Space, Aliens, AI, VR & the Future of Humanity"
241.0,"Boris Sofman: Waymo, Cozmo, Self-Driving Cars, and the Future of Robotics | Lex Fridman Podcast #241",278881,11654,U_AREIyd0Fc,2021-11-16 00:00:00,https://www.youtube.com/watch?v=U_AREIyd0Fc,Boris Sofman,"Waymo, Cozmo, Self-Driving Cars, and the Future of Robotics"
242.0,Ben Askren: Wrestling and MMA | Lex Fridman Podcast #242,207730,8127,tApj7Q37P2k,2021-11-20 00:00:00,https://www.youtube.com/watch?v=tApj7Q37P2k,Ben Askren,Wrestling and MMA
243.0,Kevin Systrom: Instagram | Lex Fridman Podcast #243,242181,9878,3pvpNKUPbIY,2021-11-23 00:00:00,https://www.youtube.com/watch?v=3pvpNKUPbIY,Kevin Systrom,Instagram
244.0,"Robert Crews: Afghanistan, Taliban, Bin Laden, and War in the Middle East | Lex Fridman Podcast #244",293210,9767,CDiqA4SJNpA,2021-11-28 00:00:00,https://www.youtube.com/watch?v=CDiqA4SJNpA,Robert Crews,"Afghanistan, Taliban, Bin Laden, and War in the Middle East"
245.0,Tom Brands: Iowa Wrestling | Lex Fridman Podcast #245,75393,3302,Ww6pfsWmkdY,2021-11-30 00:00:00,https://www.youtube.com/watch?v=Ww6pfsWmkdY,Tom Brands,Iowa Wrestling
246.0,Peter Woit: Theories of Everything & Why String Theory is Not Even Wrong | Lex Fridman Podcast #246,342519,8156,nDDJFvuFXdc,2021-12-03 00:00:00,https://www.youtube.com/watch?v=nDDJFvuFXdc,Peter Woit,Theories of Everything & Why String Theory is Not Even Wrong
247.0,Jamie Metzl: Lab Leak Theory | Lex Fridman Podcast #247,530124,17709,K78jqx9fx2I,2021-12-08 00:00:00,https://www.youtube.com/watch?v=K78jqx9fx2I,Jamie Metzl,Lab Leak Theory
248.0,"Norman Naimark: Genocide, Stalin, Hitler, Mao, and Absolute Power | Lex Fridman Podcast #248",1321711,8320,Vrz8YDl9CeA,2021-12-12 00:00:00,https://www.youtube.com/watch?v=Vrz8YDl9CeA,Norman Naimark,"Genocide, Stalin, Hitler, Mao, and Absolute Power"
249.0,Albert Bourla: Pfizer CEO | Lex Fridman Podcast #249,370158,4084,Z_LhPMhkEdw,2021-12-18 00:00:00,https://www.youtube.com/watch?v=Z_LhPMhkEdw,Albert Bourla,Pfizer CEO
250.0,"Peter Wang: Python and the Source Code of Humans, Computers, and Reality | Lex Fridman Podcast #250",520853,10000,X0-SXS6zdEQ,2021-12-23 00:00:00,https://www.youtube.com/watch?v=X0-SXS6zdEQ,Peter Wang,"Python and the Source Code of Humans, Computers, and Reality"
251.0,"Ray Dalio: Money, Power, and the Collapse of Empires | Lex Fridman Podcast #251",2260752,5558,TISMidxdZoc,2021-12-25 00:00:00,https://www.youtube.com/watch?v=TISMidxdZoc,Ray Dalio,"Money, Power, and the Collapse of Empires"
252.0,"Elon Musk: SpaceX, Mars, Tesla Autopilot, Self-Driving, Robotics, and AI | Lex Fridman Podcast #252",9966259,9108,DxREm3s1scA,2021-12-28 00:00:00,https://www.youtube.com/watch?v=DxREm3s1scA,Elon Musk,"SpaceX, Mars, Tesla Autopilot, Self-Driving, Robotics, and AI"
253.0,Michael Malice: New Year's Special | Lex Fridman Podcast #253,1830106,12222,B2tXN7ZnSfU,2021-12-31 00:00:00,https://www.youtube.com/watch?v=B2tXN7ZnSfU,Michael Malice,New Year's Special
254.0,Jay Bhattacharya: The Case Against Lockdowns | Lex Fridman Podcast #254,434909,8509,oIOGUYOPAsA,2022-01-04 00:00:00,https://www.youtube.com/watch?v=oIOGUYOPAsA,Jay Bhattacharya,The Case Against Lockdowns
255.0,Mark Normand: Comedy! | Lex Fridman Podcast #255,594382,6607,WzsivT_Ap1w,2022-01-08 00:00:00,https://www.youtube.com/watch?v=WzsivT_Ap1w,Mark Normand,Comedy!
256.0,Nationalism Debate: Yaron Brook and Yoram Hazony | Lex Fridman Podcast #256,765616,10685,Q24cpnHzx8I,2022-01-15 00:00:00,https://www.youtube.com/watch?v=Q24cpnHzx8I,Nationalism Debate,Yaron Brook and Yoram Hazony
257.0,"Brian Keating: Cosmology, Astrophysics, Aliens & Losing the Nobel Prize | Lex Fridman Podcast #257",4419788,14381,nhGwJLXzHs8,2022-01-18 00:00:00,https://www.youtube.com/watch?v=nhGwJLXzHs8,Brian Keating,"Cosmology, Astrophysics, Aliens & Losing the Nobel Prize"
258.0,Yann LeCun: Dark Matter of Intelligence and Self-Supervised Learning | Lex Fridman Podcast #258,417858,9910,SGzMElJ11Cc,2022-01-22 00:00:00,https://www.youtube.com/watch?v=SGzMElJ11Cc,Yann LeCun,Dark Matter of Intelligence and Self-Supervised Learning
259.0,Thomas Tull: From Batman Dark Knight Trilogy to AI and The Rolling Stones | Lex Fridman Podcast #259,110693,8200,3Z7WimACqG8,2022-01-26 00:00:00,https://www.youtube.com/watch?v=3Z7WimACqG8,Thomas Tull,From Batman Dark Knight Trilogy to AI and The Rolling Stones
260.0,"Georges St-Pierre, John Danaher & Gordon Ryan: The Greatest of All Time | Lex Fridman Podcast #260",2135952,10742,KdmDtqB46Jc,2022-01-30 00:00:00,https://www.youtube.com/watch?v=KdmDtqB46Jc,"Georges St-Pierre, John Danaher & Gordon Ryan",The Greatest of All Time
261.0,"Philip Goff: Consciousness, Panpsychism, and the Philosophy of Mind | Lex Fridman Podcast #261",249393,9991,BCdV6BMMpOo,2022-02-03 00:00:00,https://www.youtube.com/watch?v=BCdV6BMMpOo,Philip Goff,"Consciousness, Panpsychism, and the Philosophy of Mind"
262.0,Garry Nolan: UFOs and Aliens | Lex Fridman Podcast #262,5114315,6178,uTCc2-1tbBQ,2022-02-06 00:00:00,https://www.youtube.com/watch?v=uTCc2-1tbBQ,Garry Nolan,UFOs and Aliens
263.0,John Abramson: Big Pharma | Lex Fridman Podcast #263,909393,8249,arrokG3wCdE,2022-02-11 00:00:00,https://www.youtube.com/watch?v=arrokG3wCdE,John Abramson,Big Pharma
264.0,"Tim Urban: Elon Musk, Neuralink, AI, Aliens, and the Future of Humanity | Lex Fridman Podcast #264",625386,9423,0Jd7fJgFkPU,2022-02-13 00:00:00,https://www.youtube.com/watch?v=0Jd7fJgFkPU,Tim Urban,"Elon Musk, Neuralink, AI, Aliens, and the Future of Humanity"
265.0,Devon Larratt: Arm Wrestling | Lex Fridman Podcast #265,1074036,7829,nvBEXXnNaNQ,2022-02-16 00:00:00,https://www.youtube.com/watch?v=nvBEXXnNaNQ,Devon Larratt,Arm Wrestling
266.0,Nicole Perlroth: Cybersecurity and the Weapons of Cyberwar | Lex Fridman Podcast #266,810607,7295,hy2G3PhGm-g,2022-02-20 00:00:00,https://www.youtube.com/watch?v=hy2G3PhGm-g,Nicole Perlroth,Cybersecurity and the Weapons of Cyberwar
267.0,"Mark Zuckerberg: Meta, Facebook, Instagram, and the Metaverse | Lex Fridman Podcast #267",4173869,7213,5zOHSysMmH0,2022-02-26 00:00:00,https://www.youtube.com/watch?v=5zOHSysMmH0,Mark Zuckerberg,"Meta, Facebook, Instagram, and the Metaverse"
268.0,Robert Proctor: Nazi Science and Ideology | Lex Fridman Podcast #268,902733,10181,Y3VBCWIDEzk,2022-03-05 00:00:00,https://www.youtube.com/watch?v=Y3VBCWIDEzk,Robert Proctor,Nazi Science and Ideology
269.0,"Lee Cronin: Origin of Life, Aliens, Complexity, and Consciousness | Lex Fridman Podcast #269",1020710,14751,ZecQ64l-gKM,2022-03-11 00:00:00,https://www.youtube.com/watch?v=ZecQ64l-gKM,Lee Cronin,"Origin of Life, Aliens, Complexity, and Consciousness"
270.0,David Wolpe: Judaism | Lex Fridman Podcast #270,371545,7856,urdNsyZBqhQ,2022-03-16 00:00:00,https://www.youtube.com/watch?v=urdNsyZBqhQ,David Wolpe,Judaism
271.0,Ariel Ekblaw: Space Colonization and Self-Assembling Space Megastructures | Lex Fridman Podcast #271,499790,6409,KW8Vjs84Fxg,2022-03-23 00:00:00,https://www.youtube.com/watch?v=KW8Vjs84Fxg,Ariel Ekblaw,Space Colonization and Self-Assembling Space Megastructures
272.0,Brett Johnson: US Most Wanted Cybercriminal | Lex Fridman Podcast #272,6943849,13645,cC1LFC0KFSw,2022-03-27 00:00:00,https://www.youtube.com/watch?v=cC1LFC0KFSw,Brett Johnson,US Most Wanted Cybercriminal
273.0,Chris Blattman: War and Violence | Lex Fridman Podcast #273,193506,10107,DbXjoXnIxQo,2022-04-03 00:00:00,https://www.youtube.com/watch?v=DbXjoXnIxQo,Chris Blattman,War and Violence
274.0,"Karl Deisseroth: Depression, Schizophrenia, and Psychiatry | Lex Fridman Podcast #274",553599,12089,OaeYUm06in0,2022-04-07 00:00:00,https://www.youtube.com/watch?v=OaeYUm06in0,Karl Deisseroth,"Depression, Schizophrenia, and Psychiatry"
275.0,Rick Rubin: Legendary Music Producer | Lex Fridman Podcast #275,1450912,7456,H_szemxPcTI,2022-04-10 00:00:00,https://www.youtube.com/watch?v=H_szemxPcTI,Rick Rubin,Legendary Music Producer
276.0,"Michael Saylor: Bitcoin, Inflation, and the Future of Money | Lex Fridman Podcast #276",7858892,14214,mC43pZkpTec,2022-04-14 00:00:00,https://www.youtube.com/watch?v=mC43pZkpTec,Michael Saylor,"Bitcoin, Inflation, and the Future of Money"
277.0,"Andrew Huberman: Focus, Stress, Relationships, and Friendship | Lex Fridman Podcast #277",3721028,12322,lvh3g7eszVQ,2022-04-17 00:00:00,https://www.youtube.com/watch?v=lvh3g7eszVQ,Andrew Huberman,"Focus, Stress, Relationships, and Friendship"
278.0,"Skye Fitzgerald: Hunger, War, and Human Suffering | Lex Fridman Podcast #278",116170,8948,dHTgffkpeYo,2022-04-20 00:00:00,https://www.youtube.com/watch?v=dHTgffkpeYo,Skye Fitzgerald,"Hunger, War, and Human Suffering"
279.0,Alien Debate: Sara Walker and Lee Cronin | Lex Fridman Podcast #279,904719,14722,SFxIazwNP_0,2022-04-24 00:00:00,https://www.youtube.com/watch?v=SFxIazwNP_0,Alien Debate,Sara Walker and Lee Cronin
280.0,Cristiano Amon: Qualcomm CEO | Lex Fridman Podcast #280,148091,4150,KMgPxVnKLSk,2022-04-27 00:00:00,https://www.youtube.com/watch?v=KMgPxVnKLSk,Cristiano Amon,Qualcomm CEO
281.0,"Grimes: Music, AI, and the Future of Humanity | Lex Fridman Podcast #281",1967700,7498,KOwm7GUjcg8,2022-04-29 00:00:00,https://www.youtube.com/watch?v=KOwm7GUjcg8,Grimes,"Music, AI, and the Future of Humanity"
282.0,"David Buss: Sex, Dating, Relationships, and Sex Differences | Lex Fridman Podcast #282",976801,12762,sndW9hzX-wA,2022-05-04 00:00:00,https://www.youtube.com/watch?v=sndW9hzX-wA,David Buss,"Sex, Dating, Relationships, and Sex Differences"
283.0,"Chris Mason: Space Travel, Colonization, and Long-Term Survival in Space | Lex Fridman Podcast #283",1864922,10505,1C2tPFCGL1U,2022-05-08 00:00:00,https://www.youtube.com/watch?v=1C2tPFCGL1U,Chris Mason,"Space Travel, Colonization, and Long-Term Survival in Space"
284.0,"Saifedean Ammous: Bitcoin, Anarchy, and Austrian Economics | Lex Fridman Podcast #284",615462,15280,gp4U5aH_T6A,2022-05-11 00:00:00,https://www.youtube.com/watch?v=gp4U5aH_T6A,Saifedean Ammous,"Bitcoin, Anarchy, and Austrian Economics"
285.0,"Glenn Loury: Race, Racism, Identity Politics, and Cancel Culture | Lex Fridman Podcast #285",231313,12744,YbJZnShMQAo,2022-05-14 00:00:00,https://www.youtube.com/watch?v=YbJZnShMQAo,Glenn Loury,"Race, Racism, Identity Politics, and Cancel Culture"
286.0,Oliver Stone: Vladimir Putin and War in Ukraine | Lex Fridman Podcast #286,3851113,6759,ygAqYC8JOQI,2022-05-17 00:00:00,https://www.youtube.com/watch?v=ygAqYC8JOQI,Oliver Stone,Vladimir Putin and War in Ukraine
287.0,"Bobby Lee: Comedy, Skyrim, Sex Robots, Love, Fame, and Power | Lex Fridman Podcast #287",1694995,5949,tOTenjh_8hw,2022-05-20 00:00:00,https://www.youtube.com/watch?v=tOTenjh_8hw,Bobby Lee,"Comedy, Skyrim, Sex Robots, Love, Fame, and Power"
288.0,"Sarma Melngailis: Bad Vegan, Fraud, Prison, and Sociopathy | Lex Fridman Podcast #288",243430,15300,iZjby1LkTWQ,2022-05-23 00:00:00,https://www.youtube.com/watch?v=iZjby1LkTWQ,Sarma Melngailis,"Bad Vegan, Fraud, Prison, and Sociopathy"
289.0,"Stephen Kotkin: Putin, Stalin, Hitler, Zelenskyy, and War in Ukraine | Lex Fridman Podcast #289",3247550,9669,2a7CDKqWcZ0,2022-05-25 00:00:00,https://www.youtube.com/watch?v=2a7CDKqWcZ0,Stephen Kotkin,"Putin, Stalin, Hitler, Zelenskyy, and War in Ukraine"
290.0,Dan Reynolds: Imagine Dragons | Lex Fridman Podcast #290,299989,7920,jvGZkf87aCs,2022-05-30 00:00:00,https://www.youtube.com/watch?v=jvGZkf87aCs,Dan Reynolds,Imagine Dragons
291.0,Jonathan Haidt: The Case Against Social Media | Lex Fridman Podcast #291,1028518,6126,f0un-l1L8Zw,2022-06-04 00:00:00,https://www.youtube.com/watch?v=f0un-l1L8Zw,Jonathan Haidt,The Case Against Social Media
292.0,"Robin Hanson: Alien Civilizations, UFOs, and the Future of Humanity | Lex Fridman Podcast #292",883627,15210,KBZP4rLk6bk,2022-06-09 00:00:00,https://www.youtube.com/watch?v=KBZP4rLk6bk,Robin Hanson,"Alien Civilizations, UFOs, and the Future of Humanity"
293.0,Donald Hoffman: Reality is an Illusion - How Evolution Hid the Truth | Lex Fridman Podcast #293,7260233,11776,reYdQYZ9Rj4,2022-06-12 00:00:00,https://www.youtube.com/watch?v=reYdQYZ9Rj4,Donald Hoffman,Reality is an Illusion - How Evolution Hid the Truth
294.0,"Tony Fadell: iPhone, iPod, Nest, Steve Jobs, Design, and Engineering | Lex Fridman Podcast #294",912737,9986,4oDZyOf6CW4,2022-06-15 00:00:00,https://www.youtube.com/watch?v=4oDZyOf6CW4,Tony Fadell,"iPhone, iPod, Nest, Steve Jobs, Design, and Engineering"
295.0,Richard Wolff: Marxism and Communism | Lex Fridman Podcast #295,2856850,10431,o0Bi-q89j5Y,2022-06-17 00:00:00,https://www.youtube.com/watch?v=o0Bi-q89j5Y,Richard Wolff,Marxism and Communism
296.0,"Douglas Murray: Racism, Marxism, and the War on the West | Lex Fridman Podcast #296",4592318,9510,EG7I6Bt_NZY,2022-06-21 00:00:00,https://www.youtube.com/watch?v=EG7I6Bt_NZY,Douglas Murray,"Racism, Marxism, and the War on the West"
297.0,Jonathan Reisman: The Human Body - From Sex & Sperm to Hands & Heart | Lex Fridman Podcast #297,680982,9831,XOPO9J7DIXw,2022-06-25 00:00:00,https://www.youtube.com/watch?v=XOPO9J7DIXw,Jonathan Reisman,The Human Body - From Sex & Sperm to Hands & Heart
298.0,Susan Cain: The Power of Introverts and Loneliness | Lex Fridman Podcast #298,548787,7183,j4PEu4sVD40,2022-06-28 00:00:00,https://www.youtube.com/watch?v=j4PEu4sVD40,Susan Cain,The Power of Introverts and Loneliness
299.0,"Demis Hassabis: DeepMind - AI, Superintelligence & the Future of Humanity | Lex Fridman Podcast #299",1360070,7839,Gfr50f6ZBvo,2022-07-01 00:00:00,https://www.youtube.com/watch?v=Gfr50f6ZBvo,Demis Hassabis,"DeepMind - AI, Superintelligence & the Future of Humanity"
300.0,"Joe Rogan: Comedy, Controversy, Aliens, UFOs, Putin, CIA, and Freedom | Lex Fridman Podcast #300",10346144,6081,gk4tEO4jDUM,2022-07-04 00:00:00,https://www.youtube.com/watch?v=gk4tEO4jDUM,Joe Rogan,"Comedy, Controversy, Aliens, UFOs, Putin, CIA, and Freedom"
301.0,Jack Barsky: KGB Spy | Lex Fridman Podcast #301,4990573,13054,dSVLjAdo8UA,2022-07-09 00:00:00,https://www.youtube.com/watch?v=dSVLjAdo8UA,Jack Barsky,KGB Spy
302.0,"Richard Haier: IQ Tests, Human Intelligence, and Group Differences | Lex Fridman Podcast #302",1728291,9856,hppbxV9C63g,2022-07-14 00:00:00,https://www.youtube.com/watch?v=hppbxV9C63g,Richard Haier,"IQ Tests, Human Intelligence, and Group Differences"
303.0,"Steve Keen: Marxism, Capitalism, and Economics | Lex Fridman Podcast #303",2232340,12662,1XGiTDWfdpM,2022-07-17 00:00:00,https://www.youtube.com/watch?v=1XGiTDWfdpM,Steve Keen,"Marxism, Capitalism, and Economics"
304.0,Bishop Robert Barron: Christianity and the Catholic Church | Lex Fridman Podcast #304,959955,6872,WgytXF0SPh0,2022-07-20 00:00:00,https://www.youtube.com/watch?v=WgytXF0SPh0,Bishop Robert Barron,Christianity and the Catholic Church
305.0,"Martin Rees: Black Holes, Alien Life, Dark Matter, and the Big Bang | Lex Fridman Podcast #305",1944790,7996,50r-5ULcWgY,2022-07-23 00:00:00,https://www.youtube.com/watch?v=50r-5ULcWgY,Martin Rees,"Black Holes, Alien Life, Dark Matter, and the Big Bang"
306.0,Oriol Vinyals: Deep Learning and Artificial General Intelligence | Lex Fridman Podcast #306,243339,7808,aGBLRlLe7X8,2022-07-26 00:00:00,https://www.youtube.com/watch?v=aGBLRlLe7X8,Oriol Vinyals,Deep Learning and Artificial General Intelligence
307.0,"Brian Armstrong: Coinbase, Cryptocurrency, and Government Regulation | Lex Fridman Podcast #307",556977,8964,VBPTFlpv31k,2022-07-29 00:00:00,https://www.youtube.com/watch?v=VBPTFlpv31k,Brian Armstrong,"Coinbase, Cryptocurrency, and Government Regulation"
308.0,"Ryan Graves: UFOs, Fighter Jets, and Aliens | Lex Fridman Podcast #308",4173739,9120,qLDp-aYnR1Y,2022-08-01 00:00:00,https://www.youtube.com/watch?v=qLDp-aYnR1Y,Ryan Graves,"UFOs, Fighter Jets, and Aliens"
309.0,"John Carmack: Doom, Quake, VR, AGI, Programming, Video Games, and Rockets | Lex Fridman Podcast #309",1521242,18890,I845O57ZSy4,2022-08-04 00:00:00,https://www.youtube.com/watch?v=I845O57ZSy4,John Carmack,"Doom, Quake, VR, AGI, Programming, Video Games, and Rockets"
310.0,Andrew Bustamante: CIA Spy | Lex Fridman Podcast #310,14001955,13989,T3FC7qIAGZk,2022-08-08 00:00:00,https://www.youtube.com/watch?v=T3FC7qIAGZk,Andrew Bustamante,CIA Spy
311.0,"Magatte Wade: Africa, Capitalism, Communism, and the Future of Humanity | Lex Fridman Podcast #311",440513,12784,Q6tDV3BhrcM,2022-08-13 00:00:00,https://www.youtube.com/watch?v=Q6tDV3BhrcM,Magatte Wade,"Africa, Capitalism, Communism, and the Future of Humanity"
312.0,"Duncan Trussell: Comedy, Sentient Robots, Suffering, Love & Burning Man | Lex Fridman Podcast #312",3669495,11992,jdIyNMkusLE,2022-08-16 00:00:00,https://www.youtube.com/watch?v=jdIyNMkusLE,Duncan Trussell,"Comedy, Sentient Robots, Suffering, Love & Burning Man"
313.0,"Jordan Peterson: Life, Death, Power, Fame, and Meaning | Lex Fridman Podcast #313",13598365,11013,sY8aFSY2zv4,2022-08-19 00:00:00,https://www.youtube.com/watch?v=sY8aFSY2zv4,Jordan Peterson,"Life, Death, Power, Fame, and Meaning"
314.0,"Liv Boeree: Poker, Game Theory, AI, Simulation, Aliens & Existential Risk | Lex Fridman Podcast #314",2041611,12940,eF-E40pxxbI,2022-08-24 00:00:00,https://www.youtube.com/watch?v=eF-E40pxxbI,Liv Boeree,"Poker, Game Theory, AI, Simulation, Aliens & Existential Risk"
315.0,Magnus Carlsen: Greatest Chess Player of All Time | Lex Fridman Podcast #315,2071787,9112,0ZO28NtkwwQ,2022-08-27 00:00:00,https://www.youtube.com/watch?v=0ZO28NtkwwQ,Magnus Carlsen,Greatest Chess Player of All Time
316.0,"Noam Chomsky: Putin, Ukraine, China, and Nuclear War | Lex Fridman Podcast #316",1465321,2832,7uHGlfeCBbE,2022-08-31 00:00:00,https://www.youtube.com/watch?v=7uHGlfeCBbE,Noam Chomsky,"Putin, Ukraine, China, and Nuclear War"
317.0,"John Vervaeke: Meaning Crisis, Atheism, Religion & the Search for Wisdom | Lex Fridman Podcast #317",1231007,11461,yImlXr5Tr8g,2022-09-04 00:00:00,https://www.youtube.com/watch?v=yImlXr5Tr8g,John Vervaeke,"Meaning Crisis, Atheism, Religion & the Search for Wisdom"
318.0,"Nick Lane: Origin of Life, Evolution, Aliens, Biology, and Consciousness | Lex Fridman Podcast #318",5731675,13381,tOtdJcco3YM,2022-09-07 00:00:00,https://www.youtube.com/watch?v=tOtdJcco3YM,Nick Lane,"Origin of Life, Evolution, Aliens, Biology, and Consciousness"
319.0,"Botez Sisters: Chess, Streaming, and Fame | Lex Fridman Podcast #319",929948,9337,srUlKNLZTas,2022-09-09 00:00:00,https://www.youtube.com/watch?v=srUlKNLZTas,Botez Sisters,"Chess, Streaming, and Fame"
320.0,"Christopher Capozzola: World War I, Ideology, Propaganda, and Politics | Lex Fridman Podcast #320",1831566,8136,SK4kMPmgKW0,2022-09-14 00:00:00,https://www.youtube.com/watch?v=SK4kMPmgKW0,Christopher Capozzola,"World War I, Ideology, Propaganda, and Politics"
321.0,"Ray Kurzweil: Singularity, Superintelligence, and Immortality | Lex Fridman Podcast #321",1252663,5771,ykY69lSpDdo,2022-09-17 00:00:00,https://www.youtube.com/watch?v=ykY69lSpDdo,Ray Kurzweil,"Singularity, Superintelligence, and Immortality"
322.0,"Rana el Kaliouby: Emotion AI, Social Robots, and Self-Driving Cars | Lex Fridman Podcast #322",188830,9381,36_rM7wpN5A,2022-09-21 00:00:00,https://www.youtube.com/watch?v=36_rM7wpN5A,Rana el Kaliouby,"Emotion AI, Social Robots, and Self-Driving Cars"
323.0,"Will Sasso: Comedy, MADtv, AI, Friendship, Madness, and Pro Wrestling | Lex Fridman Podcast #323",261247,8515,xewD1apJNhw,2022-09-24 00:00:00,https://www.youtube.com/watch?v=xewD1apJNhw,Will Sasso,"Comedy, MADtv, AI, Friendship, Madness, and Pro Wrestling"
324.0,Daniel Negreanu: Poker | Lex Fridman Podcast #324,2278544,8488,rKnoNfajUgM,2022-09-27 00:00:00,https://www.youtube.com/watch?v=rKnoNfajUgM,Daniel Negreanu,Poker
325.0,"Michael Levin: Biology, Life, Aliens, Evolution, Embryogenesis & Xenobots | Lex Fridman Podcast #325",4179595,10821,p3lsYlod5OU,2022-10-01 00:00:00,https://www.youtube.com/watch?v=p3lsYlod5OU,Michael Levin,"Biology, Life, Aliens, Evolution, Embryogenesis & Xenobots"
326.0,"Annaka Harris: Free Will, Consciousness, and the Nature of Reality | Lex Fridman Podcast #326",504808,9580,q6zEzZCtkXw,2022-10-05 00:00:00,https://www.youtube.com/watch?v=q6zEzZCtkXw,Annaka Harris,"Free Will, Consciousness, and the Nature of Reality"
327.0,"GothamChess: Hans Niemann, Magnus Carlsen, Cheating Scandal & Chess Bots | Lex Fridman Podcast #327",1271260,12798,iSMpTmibeDw,2022-10-07 00:00:00,https://www.youtube.com/watch?v=iSMpTmibeDw,GothamChess,"Hans Niemann, Magnus Carlsen, Cheating Scandal & Chess Bots"
328.0,"John Danaher: Grappling, Jiu Jitsu, ADCC, and Animal Combat | Lex Fridman Podcast #328",699022,17318,iZRbD7q1n-U,2022-10-10 00:00:00,https://www.youtube.com/watch?v=iZRbD7q1n-U,John Danaher,"Grappling, Jiu Jitsu, ADCC, and Animal Combat"
329.0,"Kate Darling: Social Robots, Ethics, Privacy and the Future of MIT | Lex Fridman Podcast #329",282855,11013,ZFntEFXKDHM,2022-10-15 00:00:00,https://www.youtube.com/watch?v=ZFntEFXKDHM,Kate Darling,"Social Robots, Ethics, Privacy and the Future of MIT"
330.0,"Hikaru Nakamura: Chess, Magnus, Kasparov, and the Psychology of Greatness | Lex Fridman Podcast #330",2699027,10122,oJNvxYEcVAY,2022-10-17 00:00:00,https://www.youtube.com/watch?v=oJNvxYEcVAY,Hikaru Nakamura,"Chess, Magnus, Kasparov, and the Psychology of Greatness"
331.0,"Balaji Srinivasan: How to Fix Government, Twitter, Science, and the FDA | Lex Fridman Podcast #331",879458,28072,VeH7qKZr0WI,2022-10-20 00:00:00,https://www.youtube.com/watch?v=VeH7qKZr0WI,Balaji Srinivasan,"How to Fix Government, Twitter, Science, and the FDA"
332.0,Kanye 'Ye' West Interview | Lex Fridman Podcast #332,5126498,8789,4AWLcxTGZPA,2022-10-24 00:00:00,https://www.youtube.com/watch?v=4AWLcxTGZPA,,Kanye 'Ye' West Interview
333.0,"Andrej Karpathy: Tesla AI, Self-Driving, Optimus, Aliens, and AGI | Lex Fridman Podcast #333",2497134,12527,cdiD-9MMpb0,2022-10-29 00:00:00,https://www.youtube.com/watch?v=cdiD-9MMpb0,Andrej Karpathy,"Tesla AI, Self-Driving, Optimus, Aliens, and AGI"
334.0,"Abbas Amanat: Iran Protests, Mahsa Amini, History, CIA & Nuclear Weapons | Lex Fridman Podcast #334",423499,11157,OYsYgzzsdT0,2022-11-02 00:00:00,https://www.youtube.com/watch?v=OYsYgzzsdT0,Abbas Amanat,"Iran Protests, Mahsa Amini, History, CIA & Nuclear Weapons"
335.0,Fiona Hill: Vladimir Putin and Donald Trump | Lex Fridman Podcast #335,2138344,11965,vNhSCF9i8Qs,2022-11-04 00:00:00,https://www.youtube.com/watch?v=vNhSCF9i8Qs,Fiona Hill,Vladimir Putin and Donald Trump
336.0,"Ben Shapiro: Politics, Kanye, Trump, Biden, Hitler, Extremism, and War | Lex Fridman Podcast #336",8200125,9085,AF8DOS4C2KM,2022-11-07 00:00:00,https://www.youtube.com/watch?v=AF8DOS4C2KM,Ben Shapiro,"Politics, Kanye, Trump, Biden, Hitler, Extremism, and War"
337.0,"Destiny: Politics, Free Speech, Controversy, Sex, War, and Relationships | Lex Fridman Podcast #337",1722267,15334,bqeuFiAUU4o,2022-11-11 00:00:00,https://www.youtube.com/watch?v=bqeuFiAUU4o,Destiny,"Politics, Free Speech, Controversy, Sex, War, and Relationships"
338.0,"Chamath Palihapitiya: Money, Success, Startups, Energy, Poker & Happiness | Lex Fridman Podcast #338",1574078,10644,kFQUDCgMjRc,2022-11-15 00:00:00,https://www.youtube.com/watch?v=kFQUDCgMjRc,Chamath Palihapitiya,"Money, Success, Startups, Energy, Poker & Happiness"
339.0,Climate Change Debate: Bjørn Lomborg and Andrew Revkin | Lex Fridman Podcast #339,949115,15066,5Gk9gIpGvSE,2022-11-18 00:00:00,https://www.youtube.com/watch?v=5Gk9gIpGvSE,Climate Change Debate,Bjørn Lomborg and Andrew Revkin
340.0,Chris Tarbell: FBI Agent Who Took Down Silk Road | Lex Fridman Podcast #340,3035412,10562,4KiO8GRgwDk,2022-11-22 00:00:00,https://www.youtube.com/watch?v=4KiO8GRgwDk,Chris Tarbell,FBI Agent Who Took Down Silk Road
341.0,Guido van Rossum: Python and the Future of Programming | Lex Fridman Podcast #341,1186217,11751,-DVyjdw4t9I,2022-11-26 00:00:00,https://www.youtube.com/watch?v=-DVyjdw4t9I,Guido van Rossum,Python and the Future of Programming
342.0,"Todd Howard: Skyrim, Elder Scrolls 6, Fallout, and Starfield | Lex Fridman Podcast #342",2058063,9892,H9AAnV59ddE,2022-11-29 00:00:00,https://www.youtube.com/watch?v=H9AAnV59ddE,Todd Howard,"Skyrim, Elder Scrolls 6, Fallout, and Starfield"
343.0,Roger Gracie: Greatest Jiu Jitsu Competitor of All Time | Lex Fridman Podcast #343,697671,10773,FhfmGM6hswI,2022-12-03 00:00:00,https://www.youtube.com/watch?v=FhfmGM6hswI,Roger Gracie,Greatest Jiu Jitsu Competitor of All Time
344.0,Noam Brown: AI vs Humans in Poker and Games of Strategic Negotiation | Lex Fridman Podcast #344,438809,8961,2oHH4aClJQs,2022-12-06 00:00:00,https://www.youtube.com/watch?v=2oHH4aClJQs,Noam Brown,AI vs Humans in Poker and Games of Strategic Negotiation
345.0,"Coffeezilla: SBF, FTX, Fraud, Scams, Fake Gurus, Money, Fame, and Power | Lex Fridman Podcast #345",6951989,13578,hi9Rf0oLdHk,2022-12-08 00:00:00,https://www.youtube.com/watch?v=hi9Rf0oLdHk,Coffeezilla,"SBF, FTX, Fraud, Scams, Fake Gurus, Money, Fame, and Power"
346.0,Ed Calderon: Mexican Drug Cartels | Lex Fridman Podcast #346,1253907,14721,9PIOoJMMptA,2022-12-12 00:00:00,https://www.youtube.com/watch?v=9PIOoJMMptA,Ed Calderon,Mexican Drug Cartels
347.0,Michael Malice: Christmas Special | Lex Fridman Podcast #347,1291871,13253,NUkXluf3OYA,2022-12-15 00:00:00,https://www.youtube.com/watch?v=NUkXluf3OYA,Michael Malice,Christmas Special
348.0,Nathalie Cabrol: Search for Alien Life | Lex Fridman Podcast #348,426288,7585,yyBosLx7bbM,2022-12-19 00:00:00,https://www.youtube.com/watch?v=yyBosLx7bbM,Nathalie Cabrol,Search for Alien Life
349.0,Bhaskar Sunkara: Socialism and Communism | Lex Fridman Podcast #349,476714,13354,pNlfHgHJweQ,2022-12-22 00:00:00,https://www.youtube.com/watch?v=pNlfHgHJweQ,Bhaskar Sunkara,Socialism and Communism
350.0,"Betül Kaçar: Origin of Life, Ancient DNA, Panspermia, and Aliens | Lex Fridman Podcast #350",934365,9618,NXU_M4030nE,2022-12-29 00:00:00,https://www.youtube.com/watch?v=NXU_M4030nE,Betül Kaçar,"Origin of Life, Ancient DNA, Panspermia, and Aliens"
351.0,"MrBeast: Future of YouTube, Twitter, TikTok, and Instagram | Lex Fridman Podcast #351",4666118,8266,Z3_PwvvfxIU,2023-01-11 00:00:00,https://www.youtube.com/watch?v=Z3_PwvvfxIU,MrBeast,"Future of YouTube, Twitter, TikTok, and Instagram"
352.0,Omar Suleiman: Islam | Lex Fridman Podcast #352,1905425,10972,BOKCNUqbpH0,2023-01-17 00:00:00,https://www.youtube.com/watch?v=BOKCNUqbpH0,Omar Suleiman,Islam
353.0,Dennis Whyte: Nuclear Fusion and the Future of Energy | Lex Fridman Podcast #353,3949236,11287,aJoRMFWn2Jk,2023-01-21 00:00:00,https://www.youtube.com/watch?v=aJoRMFWn2Jk,Dennis Whyte,Nuclear Fusion and the Future of Energy
354.0,"Jeremi Suri: Civil War, Slavery, Freedom, and Democracy | Lex Fridman Podcast #354",1766894,10793,GvX-heRWFfA,2023-01-25 00:00:00,https://www.youtube.com/watch?v=GvX-heRWFfA,Jeremi Suri,"Civil War, Slavery, Freedom, and Democracy"
355.0,David Kipping: Alien Civilizations and Habitable Worlds | Lex Fridman Podcast #355,7901609,13629,uZN5xjoS6TU,2023-01-28 00:00:00,https://www.youtube.com/watch?v=uZN5xjoS6TU,David Kipping,Alien Civilizations and Habitable Worlds
356.0,"Tim Dodd: SpaceX, Starship, Rocket Engines, and Future of Space Travel | Lex Fridman Podcast #356",691984,18944,5eK5A_43pkE,2023-02-02 00:00:00,https://www.youtube.com/watch?v=5eK5A_43pkE,Tim Dodd,"SpaceX, Starship, Rocket Engines, and Future of Space Travel"
357.0,"Paul Conti: Narcissism, Sociopathy, Envy, and the Nature of Good and Evil | Lex Fridman Podcast #357",2773206,11847,jRBksDVs4tg,2023-02-07 00:00:00,https://www.youtube.com/watch?v=jRBksDVs4tg,Paul Conti,"Narcissism, Sociopathy, Envy, and the Nature of Good and Evil"
358.0,"Aella: Sex Work, OnlyFans, Porn, Escorting, Dating, and Human Sexuality | Lex Fridman Podcast #358",1406607,14269,cFSrxSBrgSc,2023-02-10 00:00:00,https://www.youtube.com/watch?v=cFSrxSBrgSc,Aella,"Sex Work, OnlyFans, Porn, Escorting, Dating, and Human Sexuality"
359.0,"Andrew Strominger: Black Holes, Quantum Gravity, and Theoretical Physics | Lex Fridman Podcast #359",1914441,8374,y3cw_9ELpQw,2023-02-15 00:00:00,https://www.youtube.com/watch?v=y3cw_9ELpQw,Andrew Strominger,"Black Holes, Quantum Gravity, and Theoretical Physics"
360.0,"Tim Urban: Tribalism, Marxism, Liberalism, Social Justice, and Politics | Lex Fridman Podcast #360",1598246,11238,GkZz2I6sK08,2023-02-20 00:00:00,https://www.youtube.com/watch?v=GkZz2I6sK08,Tim Urban,"Tribalism, Marxism, Liberalism, Social Justice, and Politics"
361.0,Aaron Smith-Levin: Scientology | Lex Fridman Podcast #361,2904654,7987,J1lN9zkK_k0,2023-02-25 00:00:00,https://www.youtube.com/watch?v=J1lN9zkK_k0,Aaron Smith-Levin,Scientology
362.0,"Ginni Rometty: IBM CEO on Leadership, Power, and Adversity | Lex Fridman Podcast #362",473250,6735,XiCxj-bXu5M,2023-03-02 00:00:00,https://www.youtube.com/watch?v=XiCxj-bXu5M,Ginni Rometty,"IBM CEO on Leadership, Power, and Adversity"
363.0,"B-Team Jiu Jitsu: Craig Jones, Nicky Rod, and Nicky Ryan | Lex Fridman Podcast #363",1085193,10203,hLZ6PACCBy8,2023-03-06 00:00:00,https://www.youtube.com/watch?v=hLZ6PACCBy8,B-Team Jiu Jitsu,"Craig Jones, Nicky Rod, and Nicky Ryan"
364.0,Chris Voss: FBI Hostage Negotiator | Lex Fridman Podcast #364,1565899,7817,8EguLJgkc54,2023-03-10 00:00:00,https://www.youtube.com/watch?v=8EguLJgkc54,Chris Voss,FBI Hostage Negotiator
365.0,"Sam Harris: Trump, Pandemic, Twitter, Elon, Bret, IDW, Kanye, AI & UFOs | Lex Fridman Podcast #365",1439736,16066,Qyrjgf-_Vdk,2023-03-14 00:00:00,https://www.youtube.com/watch?v=Qyrjgf-_Vdk,Sam Harris,"Trump, Pandemic, Twitter, Elon, Bret, IDW, Kanye, AI & UFOs"
366.0,"Shannon Curry: Johnny Depp & Amber Heard Trial, Marriage, Dating & Love | Lex Fridman Podcast #366",2314424,6402,qtOKrG_wK5A,2023-03-21 00:00:00,https://www.youtube.com/watch?v=qtOKrG_wK5A,Shannon Curry,"Johnny Depp & Amber Heard Trial, Marriage, Dating & Love"
367.0,"Sam Altman: OpenAI CEO on GPT-4, ChatGPT, and the Future of AI | Lex Fridman Podcast #367",6207117,8636,L_Guz73e6fw,2023-03-25 00:00:00,https://www.youtube.com/watch?v=L_Guz73e6fw,Sam Altman,"OpenAI CEO on GPT-4, ChatGPT, and the Future of AI"
368.0,Eliezer Yudkowsky: Dangers of AI and the End of Human Civilization | Lex Fridman Podcast #368,1811244,11871,AaTRHFaaPG8,2023-03-30 00:00:00,https://www.youtube.com/watch?v=AaTRHFaaPG8,Eliezer Yudkowsky,Dangers of AI and the End of Human Civilization
369.0,"Paul Rosolie: Amazon Jungle, Uncontacted Tribes, Anacondas, and Ayahuasca | Lex Fridman Podcast #369",8748474,12898,gPfriiHBBek,2023-04-04 00:00:00,https://www.youtube.com/watch?v=gPfriiHBBek,Paul Rosolie,"Amazon Jungle, Uncontacted Tribes, Anacondas, and Ayahuasca"
370.0,"Edward Frenkel: Reality is a Paradox - Mathematics, Physics, Truth & Love | Lex Fridman Podcast #370",1534821,13599,Osh0-J3T2nY,2023-04-10 00:00:00,https://www.youtube.com/watch?v=Osh0-J3T2nY,Edward Frenkel,"Reality is a Paradox - Mathematics, Physics, Truth & Love"
371.0,Max Tegmark: The Case for Halting AI Development | Lex Fridman Podcast #371,1414100,10092,VcVfceTsD0A,2023-04-13 00:00:00,https://www.youtube.com/watch?v=VcVfceTsD0A,Max Tegmark,The Case for Halting AI Development
372.0,"Simone Giertz: Queen of Sh*tty Robots, Innovative Engineering, and Design | Lex Fridman Podcast #372",341003,7153,OgIo36F6Fsg,2023-04-16 00:00:00,https://www.youtube.com/watch?v=OgIo36F6Fsg,Simone Giertz,"Queen of Sh*tty Robots, Innovative Engineering, and Design"
373.0,Manolis Kellis: Evolution of Human Civilization and Superintelligent AI | Lex Fridman Podcast #373,620414,9028,wMavKrA-4do,2023-04-21 00:00:00,https://www.youtube.com/watch?v=wMavKrA-4do,Manolis Kellis,Evolution of Human Civilization and Superintelligent AI
374.0,Robert Playter: Boston Dynamics CEO on Humanoid and Legged Robotics | Lex Fridman Podcast #374,1008278,8878,cLVdsZ3I5os,2023-04-28 00:00:00,https://www.youtube.com/watch?v=cLVdsZ3I5os,Robert Playter,Boston Dynamics CEO on Humanoid and Legged Robotics
375.0,"David Pakman: Politics of Trump, Biden, Bernie, AOC, Socialism & Wokeism | Lex Fridman Podcast #375",950831,12663,2i31fDkaK9A,2023-05-06 00:00:00,https://www.youtube.com/watch?v=2i31fDkaK9A,David Pakman,"Politics of Trump, Biden, Bernie, AOC, Socialism & Wokeism"
376.0,"Stephen Wolfram: ChatGPT and the Nature of Truth, Reality & Computation | Lex Fridman Podcast #376",787556,15273,PdE-waSx-d8,2023-05-09 00:00:00,https://www.youtube.com/watch?v=PdE-waSx-d8,Stephen Wolfram,"ChatGPT and the Nature of Truth, Reality & Computation"
377.0,Harvey Silverglate: Freedom of Speech | Lex Fridman Podcast #377,166528,6672,DgTjSrrf6GQ,2023-05-15 00:00:00,https://www.youtube.com/watch?v=DgTjSrrf6GQ,Harvey Silverglate,Freedom of Speech
378.0,"Anna Frebel: Origin and Evolution of the Universe, Galaxies, and Stars | Lex Fridman Podcast #378",555960,8329,IQnUa5Bq5x4,2023-05-18 00:00:00,https://www.youtube.com/watch?v=IQnUa5Bq5x4,Anna Frebel,"Origin and Evolution of the Universe, Galaxies, and Stars"
379.0,"Randall Kennedy: The N-Word - History of Race, Law, Politics, and Power | Lex Fridman Podcast #379",331522,11404,iFXGpKf9VBU,2023-05-24 00:00:00,https://www.youtube.com/watch?v=iFXGpKf9VBU,Randall Kennedy,"The N-Word - History of Race, Law, Politics, and Power"
380.0,Neil Gershenfeld: Self-Replicating Robots and the Future of Fabrication | Lex Fridman Podcast #380,1077473,7624,YDjOS0VHEr4,2023-05-28 00:00:00,https://www.youtube.com/watch?v=YDjOS0VHEr4,Neil Gershenfeld,Self-Replicating Robots and the Future of Fabrication
381.0,Chris Lattner: Future of Programming and AI | Lex Fridman Podcast #381,1395168,12843,pdJQ8iVTwj8,2023-06-02 00:00:00,https://www.youtube.com/watch?v=pdJQ8iVTwj8,Chris Lattner,Future of Programming and AI
382.0,"Bert Kreischer: Comedy, Drinking, Rogan, Segura, Churchill & Kim Jong Un | Lex Fridman Podcast #382",525691,7684,8TmV6KEYkK0,2023-06-05 00:00:00,https://www.youtube.com/watch?v=8TmV6KEYkK0,Bert Kreischer,"Comedy, Drinking, Rogan, Segura, Churchill & Kim Jong Un"
383.0,"Mark Zuckerberg: Future of AI at Meta, Facebook, Instagram, and WhatsApp | Lex Fridman Podcast #383",1664873,9718,Ff4fRgnuFgQ,2023-06-08 00:00:00,https://www.youtube.com/watch?v=Ff4fRgnuFgQ,Mark Zuckerberg,"Future of AI at Meta, Facebook, Instagram, and WhatsApp"
384.0,"Matthew McConaughey: Freedom, Truth, Family, Hardship, and Love | Lex Fridman Podcast #384",1532503,8340,8qgIFD0PaWo,2023-06-13 00:00:00,https://www.youtube.com/watch?v=8qgIFD0PaWo,Matthew McConaughey,"Freedom, Truth, Family, Hardship, and Love"
385.0,Jimmy Wales: Wikipedia | Lex Fridman Podcast #385,468021,11707,diJp4zoQPqo,2023-06-18 00:00:00,https://www.youtube.com/watch?v=diJp4zoQPqo,Jimmy Wales,Wikipedia
386.0,"Marc Andreessen: Future of the Internet, Technology, and AI | Lex Fridman Podcast #386",1254715,11495,-hxeDjAxvJ8,2023-06-21 00:00:00,https://www.youtube.com/watch?v=-hxeDjAxvJ8,Marc Andreessen,"Future of the Internet, Technology, and AI"
387.0,"George Hotz: Tiny Corp, Twitter, AI Safety, Self-Driving, GPT, AGI & God | Lex Fridman Podcast #387",1315814,11326,dNrTrx42DGQ,2023-06-29 00:00:00,https://www.youtube.com/watch?v=dNrTrx42DGQ,George Hotz,"Tiny Corp, Twitter, AI Safety, Self-Driving, GPT, AGI & God"
388.0,"Robert F. Kennedy Jr: CIA, Power, Corruption, War, Freedom, and Meaning | Lex Fridman Podcast #388",3218660,8917,NPtBkw5uD-0,2023-07-06 00:00:00,https://www.youtube.com/watch?v=NPtBkw5uD-0,Robert F. Kennedy Jr,"CIA, Power, Corruption, War, Freedom, and Meaning"
389.0,"Benjamin Netanyahu: Israel, Palestine, Power, Corruption, Hate, and Peace | Lex Fridman Podcast #389",1300211,4271,XpC7SVDXimg,2023-07-12 00:00:00,https://www.youtube.com/watch?v=XpC7SVDXimg,Benjamin Netanyahu,"Israel, Palestine, Power, Corruption, Hate, and Peace"
390.0,"Yuval Noah Harari: Human Nature, Intelligence, Power, and Conspiracies | Lex Fridman Podcast #390",1672691,9887,Mde2q7GFCrw,2023-07-17 00:00:00,https://www.youtube.com/watch?v=Mde2q7GFCrw,Yuval Noah Harari,"Human Nature, Intelligence, Power, and Conspiracies"
391.0,Mohammed El-Kurd: Palestine | Lex Fridman Podcast #391,722160,8082,34wA_bdG6QQ,2023-07-24 00:00:00,https://www.youtube.com/watch?v=34wA_bdG6QQ,Mohammed El-Kurd,Palestine
392.0,"Joscha Bach: Life, Intelligence, Consciousness, AI & the Future of Humans | Lex Fridman Podcast #392",604853,10425,e8qJsk1j2zE,2023-08-01 00:00:00,https://www.youtube.com/watch?v=e8qJsk1j2zE,Joscha Bach,"Life, Intelligence, Consciousness, AI & the Future of Humans"
393.0,"Andrew Huberman: Relationships, Drama, Betrayal, Sex, and Love | Lex Fridman Podcast #393",1587112,7942,eTBAxD6lt2g,2023-08-17 00:00:00,https://www.youtube.com/watch?v=eTBAxD6lt2g,Andrew Huberman,"Relationships, Drama, Betrayal, Sex, and Love"
394.0,"Neri Oxman: Biology, Art, and Science of Design & Engineering with Nature | Lex Fridman Podcast #394",753618,8305,XbPHojL_61U,2023-09-01 00:00:00,https://www.youtube.com/watch?v=XbPHojL_61U,Neri Oxman,"Biology, Art, and Science of Design & Engineering with Nature"
395.0,"Walter Isaacson: Elon Musk, Steve Jobs, Einstein, Da Vinci & Ben Franklin | Lex Fridman Podcast #395",1291116,7669,aGOV5R7M1Js,2023-09-10 00:00:00,https://www.youtube.com/watch?v=aGOV5R7M1Js,Walter Isaacson,"Elon Musk, Steve Jobs, Einstein, Da Vinci & Ben Franklin"
396.0,"James Sexton: Divorce Lawyer on Marriage, Relationships, Sex, Lies & Love | Lex Fridman Podcast #396",3548397,13476,fUEjCXpOjPY,2023-09-17 00:00:00,https://www.youtube.com/watch?v=fUEjCXpOjPY,James Sexton,"Divorce Lawyer on Marriage, Relationships, Sex, Lies & Love"
397.0,"Greg Lukianoff: Cancel Culture, Deplatforming, Censorship & Free Speech | Lex Fridman Podcast #397",602202,9118,buarAx_u2qg,2023-09-24 00:00:00,https://www.youtube.com/watch?v=buarAx_u2qg,Greg Lukianoff,"Cancel Culture, Deplatforming, Censorship & Free Speech"
398.0,Mark Zuckerberg: First Interview in the Metaverse | Lex Fridman Podcast #398,2671214,3878,MVYrJJNdrEg,2023-09-28 00:00:00,https://www.youtube.com/watch?v=MVYrJJNdrEg,Mark Zuckerberg,First Interview in the Metaverse
399.0,"Jared Kushner: Israel, Palestine, Hamas, Gaza, Iran, and the Middle East | Lex Fridman Podcast #399",1864152,13719,co_MeKSnyAo,2023-10-11 00:00:00,https://www.youtube.com/watch?v=co_MeKSnyAo,Jared Kushner,"Israel, Palestine, Hamas, Gaza, Iran, and the Middle East"
400.0,"Elon Musk: War, AI, Aliens, Politics, Physics, Video Games, and Humanity | Lex Fridman Podcast #400",7790782,8206,JN3KPFbWCy8,2023-11-09 00:00:00,https://www.youtube.com/watch?v=JN3KPFbWCy8,Elon Musk,"War, AI, Aliens, Politics, Physics, Video Games, and Humanity"
401.0,"John Mearsheimer: Israel-Palestine, Russia-Ukraine, China, NATO, and WW3 | Lex Fridman Podcast #401",4254984,12401,r4wLXNydzeY,2023-11-17 00:00:00,https://www.youtube.com/watch?v=r4wLXNydzeY,John Mearsheimer,"Israel-Palestine, Russia-Ukraine, China, NATO, and WW3"
402.0,Michael Malice: Thanksgiving Pirate Special | Lex Fridman Podcast #402,461060,5942,2yHr9DPnSzk,2023-11-25 00:00:00,https://www.youtube.com/watch?v=2yHr9DPnSzk,Michael Malice,Thanksgiving Pirate Special
403.0,"Lisa Randall: Dark Matter, Theoretical Physics, and Extinction Events | Lex Fridman Podcast #403",413221,3564,VPaOy3G1-2A,2023-12-03 00:00:00,https://www.youtube.com/watch?v=VPaOy3G1-2A,Lisa Randall,"Dark Matter, Theoretical Physics, and Extinction Events"
404.0,Lee Cronin: Controversial Nature Paper on Evolution of Life and Universe | Lex Fridman Podcast #404,968485,11961,CGiDqhSdLHk,2023-12-09 00:00:00,https://www.youtube.com/watch?v=CGiDqhSdLHk,Lee Cronin,Controversial Nature Paper on Evolution of Life and Universe
405.0,Jeff Bezos: Amazon and Blue Origin | Lex Fridman Podcast #405,3519791,7892,DcWqzZ3I2cY,2023-12-14 00:00:00,https://www.youtube.com/watch?v=DcWqzZ3I2cY,Jeff Bezos,Amazon and Blue Origin
406.0,"Teddy Atlas: Mike Tyson, Cus D'Amato, Boxing, Loyalty, Fear & Greatness | Lex Fridman Podcast #406",461714,7749,CVx9IB_U9X4,2023-12-24 00:00:00,https://www.youtube.com/watch?v=CVx9IB_U9X4,Teddy Atlas,"Mike Tyson, Cus D'Amato, Boxing, Loyalty, Fear & Greatness"
407.0,"Guillaume Verdon: Beff Jezos, E/acc Movement, Physics, Computation & AGI | Lex Fridman Podcast #407",425861,10389,8fEEbKJoNbU,2023-12-29 00:00:00,https://www.youtube.com/watch?v=8fEEbKJoNbU,Guillaume Verdon,"Beff Jezos, E/acc Movement, Physics, Computation & AGI"
408.0,"Tal Wilkenfeld: Music, Guitar, Bass, Jeff Beck, Prince, and Leonard Cohen | Lex Fridman Podcast #408",348792,6608,9qfwPv7clEw,2024-01-09 00:00:00,https://www.youtube.com/watch?v=9qfwPv7clEw,Tal Wilkenfeld,"Music, Guitar, Bass, Jeff Beck, Prince, and Leonard Cohen"
409.0,Matthew Cox: FBI Most Wanted Con Man - $55 Million in Bank Fraud | Lex Fridman Podcast #409,492392,21654,zMYvGf7BA9o,2024-01-17 00:00:00,https://www.youtube.com/watch?v=zMYvGf7BA9o,Matthew Cox,FBI Most Wanted Con Man - $55 Million in Bank Fraud
